All Catchers Projections MLB Standard Stats																	
Player	Team	AB	R	H	1B	2B	3B	HR	RBI	BB	KO	SB	CS	BA	OBP	SLG	Rank
Mauer, Joe C MIN	Blue Crew	549	100	192	132	30	0	30	100	82	62	5	1	0.3497	0.4342	0.5683	6
Martinez, Victor C BOS	Want-a-be Ghetto All Stars	566	94	175	116	32	0	27	105	75	73	1	1	0.3092	0.3900	0.5088	46
McCann, Brian C ATL	Sofa Kings	500	69	147	89	36	0	22	95	48	73	5	2	0.2940	0.3558	0.4980	123
Posada, Jorge C NYY	Disco Bush Horticulturists	364	56	105	63	22	0	20	77	50	81	1	1	0.2885	0.3744	0.5137	225
Martin, Russell C LA	Titty`s Warriors	503	65	139	99	27	1	12	65	72	79	12	6	0.2763	0.3670	0.4056	226
Wieters, Matt C BAL	Shits & Giggles	499	57	145	106	24	0	15	65	45	115	0	1	0.2906	0.3493	0.4289	274
Suzuki, Kurt C OAK	Evil Empire	547	67	149	106	30	0	13	75	46	70	5	3	0.2724	0.3288	0.3985	275
Montero, Miguel C ARI	User Abuser	450	65	120	74	29	0	17	67	44	89	1	1	0.2667	0.3320	0.4444	327
Napoli, Mike C ANA	Disco Bush Horticulturists	375	58	96	52	21	1	22	58	59	107	3	2	0.2560	0.3571	0.4933	328
Molina, Bengie C SF 	Free Agent	490	45	135	95	25	0	15	80	23	51	0	0	0.2755	0.3080	0.4184	333
Doumit, Ryan C PIT	Floaters and Sinkers	425	59	116	71	30	1	14	65	37	72	2	2	0.2729	0.3312	0.4471	334
Soto, Geovany C CHC	User Abuser	413	58	109	61	30	3	15	67	53	99	1	0	0.2639	0.3476	0.4600	351
Molina, Yadier C STL	Floaters and Sinkers	477	40	138	107	25	0	6	55	45	41	5	3	0.2893	0.3506	0.3795	355
Iannetta, Chris C COL 	Want-a-be Ghetto All Stars	384	55	98	57	21	2	18	67	67	105	1	1	0.2552	0.3659	0.4609	359
Pierzynski, A.J. C CHW	Titty`s Warriors	476	50	136	95	27	2	12	50	28	60	0	1	0.2857	0.3254	0.4265	361
Baker, John C FLA	SA`s	374	53	105	70	26	1	8	49	45	90	0	0	0.2807	0.3580	0.4198	410
Ruiz, Carlos C PHI	Free Agent	350	46	88	58	21	0	9	57	48	43	3	2	0.2514	0.3417	0.3886	466
Posey, Buster C SF 	Disco Bush Horticulturists	425	40	109	72	25	0	12	48	33	90	3	2	0.2565	0.3100	0.4000	470
Olivo, Miguel C COL 	Whiteness	345	37	84	50	20	0	14	50	17	99	4	2	0.2435	0.2790	0.4232	471
Barajas, Rod C TOR 	Free Agent	374	45	89	56	18	0	15	59	24	67	0	0	0.2380	0.2839	0.4064	488
Flores, Jesus C WAS 	Blue Crew	358	35	93	62	20	1	10	50	28	91	0	0	0.2598	0.3135	0.4050	500
Buck, John C TOR 	Free Agent	412	50	97	56	26	0	15	55	37	109	0	1	0.2354	0.2984	0.4078	507
Rodriguez, Ivan C WAS 	Grape Apes	353	35	95	66	20	2	7	39	15	68	1	1	0.2691	0.2989	0.3966	518
Saltalamacchia, Jarrod C TEX 	Sofa Kings	303	40	76	48	15	1	12	40	28	89	0	1	0.2508	0.3142	0.4257	520
Teagarden, Taylor C TEX 	Free Agent	303	35	78	51	16	0	11	39	19	89	0	0	0.2574	0.3012	0.4191	532
Navarro, Dioner C TB 	SA`s	356	40	90	66	16	0	8	40	31	50	3	2	0.2528	0.3127	0.3652	544
Shoppach, Kelly C TB 	Whiteness	253	37	61	34	14	0	13	40	33	85	0	0	0.2411	0.3287	0.4506	545
Santana, Carlos C CLE 	Whiteness	255	31	67	44	15	0	8	38	25	50	1	1	0.2627	0.3286	0.4157	548
Hernandez, Ramon C CIN	Evil Empire	374	35	96	68	20	0	8	45	39	52	1	1	0.2567	0.3269	0.3743	569
Paulino, Ronny C FLA 	Free Agent	278	29	77	59	11	0	7	30	24	51	0	1	0.2770	0.3344	0.3921	571
Laird, Gerald C DET 	Free Agent	401	50	99	66	24	3	6	40	34	80	4	2	0.2469	0.3057	0.3666	579
Snyder, Chris C ARI 	Free Agent	300	35	70	44	14	0	12	45	45	78	0	0	0.2333	0.3333	0.4000	612
Varitek, Jason C BOS	Free Agent	306	35	72	40	20	0	12	41	50	81	0	0	0.2353	0.3427	0.4183	625
Mathis, Jeff C ANA	Free Agent	285	36	65	43	12	0	10	43	31	86	2	2	0.2281	0.3038	0.3754	627
Marson, Lou C CLE 	Free Agent	325	35	84	54	25	0	5	35	33	80	1	1	0.2585	0.3268	0.3815	630
Torrealba, Yorvit C COL	Evil Empire	255	33	65	42	17	1	5	36	22	48	1	2	0.2549	0.3141	0.3882	631
Clement, Jeff C PIT	Free Agent	268	26	67	41	15	1	10	32	25	80	0	1	0.2500	0.3140	0.4254	650
Castro, Jason C HOU	Free Agent	250	29	64	40	16	1	7	33	20	50	0	1	0.2560	0.3111	0.4120	654
Kendall, Jason C KC 	Free Agent	425	41	104	81	20	1	2	40	40	43	6	3	0.2447	0.3097	0.3106	669
Flowers, Tyler C CHW	Free Agent	245	28	62	40	15	0	7	32	27	71	0	1	0.2531	0.3272	0.4000	672
Hundley, Nick C SD	Free Agent	250	25	60	39	13	0	8	30	21	70	3	1	0.2400	0.2989	0.3880	674
Avila, Alex C DET 	Free Agent	203	24	52	32	13	1	6	30	20	55	0	0	0.2562	0.3229	0.4187	693
Santos, Omir C NYM 	Free Agent	252	24	64	45	12	1	6	35	13	37	0	0	0.2540	0.2906	0.3810	698
Powell, Landon C OAK	Free Agent	150	19	37	20	10	0	7	31	15	39	0	0	0.2467	0.3152	0.4533	703
Kottaras, George C MIL	Free Agent	250	30	64	39	19	0	6	26	24	68	0	1	0.2560	0.3212	0.4040	705
Lawrie, Brett C MIL	Free Agent	129	20	35	21	10	2	2	16	8	25	3	1	0.2713	0.3139	0.4264	739
Arencibia, J.P. C TOR 	Titty`s Warriors	175	20	44	24	12	1	7	25	15	50	0	1	0.2514	0.3105	0.4514	740
Salome, Angel C MIL	Free Agent	279	26	71	50	15	0	6	27	22	53	0	1	0.2545	0.3090	0.3728	755
Schneider, Brian C PHI 	Free Agent	203	21	51	36	10	0	5	30	22	29	0	0	0.2512	0.3244	0.3744	765
Thole, Josh C NYM 	Free Agent	199	15	56	40	13	2	1	22	15	25	1	1	0.2814	0.3318	0.3819	767
Castro, Ramon A. C CHW 	Free Agent	146	15	36	23	6	0	7	25	15	37	0	0	0.2466	0.3168	0.4315	770
Zaun, Gregg C MIL 	Free Agent	199	25	50	32	13	0	5	25	28	34	0	0	0.2513	0.3436	0.3920	772
Coste, Chris C NYM 	Free Agent	162	16	44	29	11	0	4	20	13	34	0	0	0.2716	0.3257	0.4136	778
Ramirez, Max C TEX 	Free Agent	151	25	36	22	9	0	5	26	20	44	0	0	0.2384	0.3275	0.3974	789
Toregas, Wyatt C CLE 	Free Agent	177	15	45	30	10	0	5	25	12	45	0	0	0.2542	0.3016	0.3955	801
Ross, David C ATL	Free Agent	194	23	43	25	9	0	9	24	28	57	0	0	0.2216	0.3198	0.4072	827
Redmond, Mike C MIN	Free Agent	179	15	50	42	8	0	0	19	11	18	0	0	0.2793	0.3211	0.3240	856
Lo Duca, Paul C FLA	Free Agent	167	17	44	35	7	0	2	19	11	12	0	1	0.2635	0.3090	0.3413	865
Bard, Josh C SEA 	Free Agent	182	16	46	31	12	0	3	21	20	29	0	0	0.2527	0.3267	0.3681	893
Whiteside, Eli C SF 	Free Agent	160	19	40	28	8	1	3	16	12	38	0	0	0.2500	0.3023	0.3688	908
Conger, Hank C ANA	Free Agent	150	15	37	23	9	1	4	16	12	25	0	0	0.2467	0.3025	0.4000	919
Hanigan, Ryan C CIN	Free Agent	115	11	31	26	3	0	2	7	16	14	0	0	0.2696	0.3588	0.3478	967
LaRue, Jason C STL 	Free Agent	125	12	29	16	9	0	4	12	15	31	1	1	0.2320	0.3143	0.4000	973
Treanor, Matt C MIL 	Free Agent	117	10	30	24	4	0	2	13	11	26	0	0	0.2564	0.3203	0.3419	976
Jaramillo, Jason C PIT	Free Agent	103	10	26	17	7	0	2	13	8	16	0	0	0.2524	0.3063	0.3786	979
Blanco, Henry C SD 	Free Agent	125	10	31	22	6	0	3	13	11	28	0	0	0.2480	0.3088	0.3680	981
Pena, Brayan C KC	Free Agent	71	7	19	13	4	0	2	7	4	8	0	0	0.2676	0.3067	0.4085	992
Skipworth, Kyle C FLA	Free Agent	49	6	12	7	3	0	2	7	4	17	1	0	0.2449	0.3019	0.4286	994
Ausmus, Brad C LA	Free Agent	154	14	37	27	7	1	2	14	16	32	1	1	0.2403	0.3118	0.3377	1005
Nieves, Wil C WAS	Free Agent	154	14	38	31	6	0	1	18	11	28	0	0	0.2468	0.2970	0.3052	1014
Norris, Derek C WAS	Free Agent	50	6	13	8	3	0	2	7	4	10	0	0	0.2600	0.3148	0.4400	1017
Rivera, Mike C MIL 	Free Agent	60	6	15	9	4	0	2	10	7	14	0	0	0.2500	0.3284	0.4167	1018
Barrett, Michael C TOR 	Free Agent	114	10	27	19	5	0	3	12	7	20	0	0	0.2368	0.2810	0.3596	1032
Montz, Luke C NYM 	Free Agent	70	7	18	14	3	0	1	10	6	22	0	0	0.2571	0.3158	0.3429	1035
Ramos, Wilson C MIN	Free Agent	55	7	15	10	4	0	1	5	5	15	0	0	0.2727	0.3333	0.4000	1037
Montero, Jesus C NYY	Grape Apes	65	5	17	12	3	0	2	6	5	13	0	0	0.2615	0.3143	0.4000	1038
Molina, Jose C NYY	Free Agent	199	22	46	33	11	0	2	16	10	41	1	0	0.2312	0.2679	0.3166	1041
Phillips, Paul C COL	Free Agent	45	5	12	9	2	0	1	7	4	6	0	0	0.2667	0.3265	0.3778	1045
Richardson, Kevin C TEX 	Free Agent	45	7	12	7	4	0	1	5	3	13	0	0	0.2667	0.3125	0.4222	1046
Morales, Jose C MIN	Free Agent	41	5	13	11	2	0	0	2	5	7	0	0	0.3171	0.3913	0.3659	1050
Alfonzo, Eliezer C SEA 	Free Agent	79	6	21	14	6	0	1	7	4	23	0	0	0.2658	0.3012	0.3797	1051
Cervelli, Francisco C NYY	Free Agent	50	6	14	12	2	0	0	6	1	7	0	2	0.2800	0.2941	0.3200	1059
Romine, Austin C NYY	Free Agent	55	5	15	11	3	0	1	4	4	11	0	0	0.2727	0.3220	0.3818	1064
Ryan, Dusty C SD 	Free Agent	35	4	9	6	2	0	1	6	4	12	0	0	0.2571	0.3333	0.4000	1076
Burke, Jamie C WAS 	Free Agent	64	8	16	12	3	0	1	6	5	11	0	0	0.2500	0.3043	0.3438	1080
Hayes, Brett C FLA	Free Agent	11	5	3	1	1	0	1	2	0	4	0	0	0.2727	0.2727	0.6364	1090
Riggans, Shawn C TB 	Free Agent	53	8	11	7	2	0	2	9	4	11	0	0	0.2075	0.2632	0.3585	1095
Moore, Adam C SEA	Free Agent	23	4	5	3	1	0	1	2	0	7	1	0	0.2174	0.2174	0.3913	1105
Hester, John C ARI	Free Agent	28	4	7	4	2	0	1	4	2	7	0	0	0.2500	0.3000	0.4286	1107
Moeller, Chad C BAL 	Free Agent	59	7	14	9	4	0	1	7	4	13	0	0	0.2373	0.2857	0.3559	1111
Diaz, Robinzon C DET 	Free Agent	44	3	12	9	3	0	0	5	2	3	0	0	0.2727	0.3043	0.3409	1122
Rabelo, Mike C FLA	Free Agent	92	8	22	16	4	1	1	9	5	22	0	0	0.2391	0.2784	0.3370	1124
Thigpen, Curtis C OAK	Free Agent	39	5	9	7	2	0	0	4	3	8	1	0	0.2308	0.2857	0.2821	1132
Hoover, Paul C PHI 	Free Agent	38	4	10	7	3	0	0	4	2	10	0	0	0.2632	0.3000	0.3421	1140
Bennett, Gary C LA	Free Agent	59	4	14	10	3	0	1	7	3	5	0	0	0.2373	0.2742	0.3390	1146
Hernandez, Michel C BAL	Free Agent	63	7	15	11	4	0	0	7	6	8	0	1	0.2381	0.3043	0.3016	1166
Tatum, Craig C BAL	Free Agent	75	5	18	14	3	0	1	6	5	11	0	0	0.2400	0.2875	0.3200	1169
Quintero, Humberto C HOU	Free Agent	126	10	29	22	5	0	2	9	5	29	0	0	0.2302	0.2595	0.3175	1176
Phillips, Kyle C TOR	Free Agent	18	1	5	2	3	0	0	2	0	4	0	0	0.2778	0.2778	0.4444	1180
Chavez, Raul C TOR 	Free Agent	103	8	24	18	5	0	1	9	5	14	0	0	0.2330	0.2685	0.3107	1185
Bowen, Rob C OAK	Free Agent	82	9	17	10	5	0	2	9	10	33	0	1	0.2073	0.2935	0.3415	1190
Bako, Paul C PHI	Free Agent	190	18	41	31	6	1	3	17	21	57	0	1	0.2158	0.2938	0.3053	1221
Towles, J.R. C HOU 	Free Agent	78	9	15	9	4	0	2	10	7	19	0	0	0.1923	0.2588	0.3205	1232
Cash, Kevin C NYY	Free Agent	65	5	14	10	3	0	1	7	7	23	0	0	0.2154	0.2917	0.3077	1236
Jaso, John C TB	Free Agent	5	1	1	1	0	0	0	0	0	1	0	0	0.2000	0.2000	0.2000	1242
Quiroz, Guillermo C SEA	Free Agent	53	4	11	8	2	0	1	6	4	13	0	0	0.2075	0.2632	0.3019	1244
Johnson, Rob C SEA 	Free Agent	97	8	20	12	6	1	1	10	9	22	1	0	0.2062	0.2736	0.3196	1245
Lucy, Donny C CHW	Free Agent	5	0	1	1	0	0	0	0	0	2	0	0	0.2000	0.2000	0.2000	1252
Brown, Dusty C BOS	Free Agent	2	0	0	0	0	0	0	0	0	0	0	0	0.0000	0.0000	0.0000	1260
Pagnozzi, Matt C STL	Free Agent	3	1	0	0	0	0	0	0	1	0	0	0	0.0000	0.2500	0.0000	1263
Hill, Koyie C CHC	Free Agent	122	11	26	18	6	1	1	12	12	36	0	0	0.2131	0.2836	0.3033	1273
Morton, Colt C SEA	Free Agent	5	1	0	0	0	0	0	0	1	2	0	0	0.0000	0.1667	0.0000	1277
Paul, Josh C TB	Free Agent	35	3	7	6	1	0	0	3	2	10	0	0	0.2000	0.2432	0.2286	1279
Budde, Ryan C ANA	Free Agent	8	0	1	1	0	0	0	0	0	3	0	0	0.1250	0.1250	0.1250	1280
Ellis, A.J. C LA	Free Agent	6	0	0	0	0	0	0	0	0	2	0	0	0.0000	0.0000	0.0000	1292
Sammons, Clint C ATL	Free Agent	23	1	4	4	0	0	0	1	2	5	0	0	0.1739	0.2400	0.1739	1297
Molina, Gustavo C WAS	Free Agent	11	0	1	1	0	0	0	0	1	3	0	0	0.0909	0.1667	0.0909	1298
Miller, Corky C CIN	Free Agent	61	5	10	7	2	0	1	8	6	14	0	0	0.1639	0.2388	0.2459	1315
Carlin, Luke C ARI 	Free Agent	56	8	8	6	2	0	0	4	6	18	0	0	0.1429	0.2258	0.1786	1347
Gimenez, Chris LF CLE 	Free Agent	111	12	16	11	2	0	3	7	17	36	1	1	0.1441	0.2578	0.2432	1359
Hathaway, Aaron C NYM	Free Agent	0	0	0	0	0	0	0	0	0	0	0	0	0.0000	0.0000	0.0000	1406
Federowicz, Timothy C BOS	Free Agent	0	0	0	0	0	0	0	0	0	0	0	0	0.0000	0.0000	0.0000	1412
McCraw, Sean C NYM	Free Agent	0	0	0	0	0	0	0	0	0	0	0	0	0.0000	0.0000	0.0000	1432
Pedro, Erick San C WAS	Free Agent	0	0	0	0	0	0	0	0	0	0	0	0	0.0000	0.0000	0.0000	1434
Anderson, Dennis C CHC	Free Agent	0	0	0	0	0	0	0	0	0	0	0	0	0.0000	0.0000	0.0000	1441
Carpenter, David C STL	Free Agent	0	0	0	0	0	0	0	0	0	0	0	0	0.0000	0.0000	0.0000	1446
Perry, Patrick C BOS	Free Agent	0	0	0	0	0	0	0	0	0	0	0	0	0.0000	0.0000	0.0000	1450
Schneider, John C TOR	Free Agent	0	0	0	0	0	0	0	0	0	0	0	0	0.0000	0.0000	0.0000	1466
Mercado, Orlando C ATL 	Free Agent	0	0	0	0	0	0	0	0	0	0	0	0	0.0000	0.0000	0.0000	1479
Guevara, Orlando C PHI	Free Agent	0	0	0	0	0	0	0	0	0	0	0	0	0.0000	0.0000	0.0000	1494
Naughton, Joel C PHI	Free Agent	0	0	0	0	0	0	0	0	0	0	0	0	0.0000	0.0000	0.0000	1496
Bock, Brian C BAL	Free Agent	0	0	0	0	0	0	0	0	0	0	0	0	0.0000	0.0000	0.0000	1514
Smith, Ryan D. C CHW	Free Agent	0	0	0	0	0	0	0	0	0	0	0	0	0.0000	0.0000	0.0000	1523
Davis, Brad C FLA	Free Agent	0	0	0	0	0	0	0	0	0	0	0	0	0.0000	0.0000	0.0000	1534
Wilson, Vance C KC 	Free Agent	0	0	0	0	0	0	0	0	0	0	0	0	0.0000	0.0000	0.0000	1538
Boscan, J.C. C ATL 	Free Agent	0	0	0	0	0	0	0	0	0	0	0	0	0.0000	0.0000	0.0000	1546
House, J.R. C KC	Free Agent	0	0	0	0	0	0	0	0	0	0	0	0	0.0000	0.0000	0.0000	1564
Kroski, Chris C CIN	Free Agent	0	0	0	0	0	0	0	0	0	0	0	0	0.0000	0.0000	0.0000	1574
Thibault, Kiel C KC	Free Agent	0	0	0	0	0	0	0	0	0	0	0	0	0.0000	0.0000	0.0000	1583
Davidson, Kevin C HOU	Free Agent	0	0	0	0	0	0	0	0	0	0	0	0	0.0000	0.0000	0.0000	1585
Kratz, Erik C PIT	Free Agent	0	0	0	0	0	0	0	0	0	0	0	0	0.0000	0.0000	0.0000	1589
Chiaffredo, Paul C PIT	Free Agent	0	0	0	0	0	0	0	0	0	0	0	0	0.0000	0.0000	0.0000	1591
Gosewisch, Tuffy C PHI 	Free Agent	0	0	0	0	0	0	0	0	0	0	0	0	0.0000	0.0000	0.0000	1593
Hansen, Josh C CHW	Free Agent	0	0	0	0	0	0	0	0	0	0	0	0	0.0000	0.0000	0.0000	1603
Britton, Phillip C ATL	Free Agent	0	0	0	0	0	0	0	0	0	0	0	0	0.0000	0.0000	0.0000	1612
Rojas, Irwil C NYY	Free Agent	0	0	0	0	0	0	0	0	0	0	0	0	0.0000	0.0000	0.0000	1620
Rojas, Nestor C SF	Free Agent	0	0	0	0	0	0	0	0	0	0	0	0	0.0000	0.0000	0.0000	1627
Rosario, Alberto C ANA	Free Agent	0	0	0	0	0	0	0	0	0	0	0	0	0.0000	0.0000	0.0000	1635
Stewart, Chris C NYY	Free Agent	0	0	0	0	0	0	0	0	0	0	0	0	0.0000	0.0000	0.0000	1664
Brown, Jason C NYY	Free Agent	0	0	0	0	0	0	0	0	0	0	0	0	0.0000	0.0000	0.0000	1704
Gutierrez, Gabriel C LA	Free Agent	0	0	0	0	0	0	0	0	0	0	0	0	0.0000	0.0000	0.0000	1717
Maldonado, Martin C MIL	Free Agent	0	0	0	0	0	0	0	0	0	0	0	0	0.0000	0.0000	0.0000	1719
Sumi, Ikko C ANA	Free Agent	0	0	0	0	0	0	0	0	0	0	0	0	0.0000	0.0000	0.0000	1726
Castillo, David C OAK	Free Agent	0	0	0	0	0	0	0	0	0	0	0	0	0.0000	0.0000	0.0000	1743
Suomi, John C PHI 	Free Agent	0	0	0	0	0	0	0	0	0	0	0	0	0.0000	0.0000	0.0000	1748
Price, Jared C CHW	Free Agent	0	0	0	0	0	0	0	0	0	0	0	0	0.0000	0.0000	0.0000	1772
Cordell, Brent C STL	Free Agent	0	0	0	0	0	0	0	0	0	0	0	0	0.0000	0.0000	0.0000	1774
Skelton, James C ARI	Free Agent	0	0	0	0	0	0	0	0	0	0	0	0	0.0000	0.0000	0.0000	1781
Easley, Ed C ARI	Free Agent	0	0	0	0	0	0	0	0	0	0	0	0	0.0000	0.0000	0.0000	1786
Butera, Drew C MIN	Free Agent	0	0	0	0	0	0	0	0	0	0	0	0	0.0000	0.0000	0.0000	1788
Bethancourt, Christian C ATL	Free Agent	0	0	0	0	0	0	0	0	0	0	0	0	0.0000	0.0000	0.0000	1797
Leger, Jose C MIN	Free Agent	0	0	0	0	0	0	0	0	0	0	0	0	0.0000	0.0000	0.0000	1808
Del Chiaro, Brent C ANA	Free Agent	0	0	0	0	0	0	0	0	0	0	0	0	0.0000	0.0000	0.0000	1827
Watts, Kristopher C PIT	Free Agent	0	0	0	0	0	0	0	0	0	0	0	0	0.0000	0.0000	0.0000	1842
Mesoraco, Devin C CIN	Free Agent	0	0	0	0	0	0	0	0	0	0	0	0	0.0000	0.0000	0.0000	1845
Spring, Matt C TB	Free Agent	0	0	0	0	0	0	0	0	0	0	0	0	0.0000	0.0000	0.0000	1852
Ardoin, Danny C LA	Free Agent	0	0	0	0	0	0	0	0	0	0	0	0	0.0000	0.0000	0.0000	1861
Munhall, Brian C SF	Free Agent	0	0	0	0	0	0	0	0	0	0	0	0	0.0000	0.0000	0.0000	1864
Rosario, Wilin C COL	Free Agent	0	0	0	0	0	0	0	0	0	0	0	0	0.0000	0.0000	0.0000	1879
de San Miguel, Allan C MIN	Free Agent	0	0	0	0	0	0	0	0	0	0	0	0	0.0000	0.0000	0.0000	1884
Stocco, Matt C SD	Free Agent	0	0	0	0	0	0	0	0	0	0	0	0	0.0000	0.0000	0.0000	1889
Canham, Mitch C SD	Free Agent	0	0	0	0	0	0	0	0	0	0	0	0	0.0000	0.0000	0.0000	1905
Jansen, Kenley C LA	Free Agent	0	0	0	0	0	0	0	0	0	0	0	0	0.0000	0.0000	0.0000	1914
Nickeas, Mike C NYM	Free Agent	0	0	0	0	0	0	0	0	0	0	0	0	0.0000	0.0000	0.0000	1916
Wilson, Neil C COL	Free Agent	0	0	0	0	0	0	0	0	0	0	0	0	0.0000	0.0000	0.0000	1918
Sharp, Matthew C CHW	Free Agent	0	0	0	0	0	0	0	0	0	0	0	0	0.0000	0.0000	0.0000	1936
Ambort, Michael C SF	Free Agent	0	0	0	0	0	0	0	0	0	0	0	0	0.0000	0.0000	0.0000	1948
Wilson, Bobby C ANA	Free Agent	0	0	0	0	0	0	0	0	0	0	0	0	0.0000	0.0000	0.0000	1973
Clemens, Koby C HOU	Free Agent	0	0	0	0	0	0	0	0	0	0	0	0	0.0000	0.0000	0.0000	1978
Johnson, Ben B. C ANA	Free Agent	0	0	0	0	0	0	0	0	0	0	0	0	0.0000	0.0000	0.0000	1990
Johnson, Joshua C HOU	Free Agent	0	0	0	0	0	0	0	0	0	0	0	0	0.0000	0.0000	0.0000	1992
Duenas, Tommy C KC	Free Agent	0	0	0	0	0	0	0	0	0	0	0	0	0.0000	0.0000	0.0000	2023
Reyes, Milver C PIT	Free Agent	0	0	0	0	0	0	0	0	0	0	0	0	0.0000	0.0000	0.0000	2035
Manriquez, Salomon C NYM	Free Agent	0	0	0	0	0	0	0	0	0	0	0	0	0.0000	0.0000	0.0000	2044
Albernaz, Craig C TB	Free Agent	0	0	0	0	0	0	0	0	0	0	0	0	0.0000	0.0000	0.0000	2056
McMillan, Drew C WAS	Free Agent	0	0	0	0	0	0	0	0	0	0	0	0	0.0000	0.0000	0.0000	2059
Jamieson, Alex C TB	Free Agent	0	0	0	0	0	0	0	0	0	0	0	0	0.0000	0.0000	0.0000	2062
Bernard, Oscar C CHC	Free Agent	0	0	0	0	0	0	0	0	0	0	0	0	0.0000	0.0000	0.0000	2066
Reyes, Jose A. C BAL	Free Agent	0	0	0	0	0	0	0	0	0	0	0	0	0.0000	0.0000	0.0000	2072
Rivera, Rene C NYM	Free Agent	0	0	0	0	0	0	0	0	0	0	0	0	0.0000	0.0000	0.0000	2090
Castillo, Welington C CHC	Free Agent	0	0	0	0	0	0	0	0	0	0	0	0	0.0000	0.0000	0.0000	2092
Fermin, Miguel C FLA	Free Agent	0	0	0	0	0	0	0	0	0	0	0	0	0.0000	0.0000	0.0000	2096
Pyzik, Steve C ATL	Free Agent	0	0	0	0	0	0	0	0	0	0	0	0	0.0000	0.0000	0.0000	2098
Wilson, Andy C NYM	Free Agent	0	0	0	0	0	0	0	0	0	0	0	0	0.0000	0.0000	0.0000	2100
Recker, Anthony C OAK 	Free Agent	0	0	0	0	0	0	0	0	0	0	0	0	0.0000	0.0000	0.0000	2105
Acosta, Mayobanex C TB	Free Agent	0	0	0	0	0	0	0	0	0	0	0	0	0.0000	0.0000	0.0000	2109
Camacaro, Armando C CLE	Free Agent	0	0	0	0	0	0	0	0	0	0	0	0	0.0000	0.0000	0.0000	2110
Estrada, Johnny C WAS	Free Agent	0	0	0	0	0	0	0	0	0	0	0	0	0.0000	0.0000	0.0000	2112
Pena, Francisco C NYM	Free Agent	0	0	0	0	0	0	0	0	0	0	0	0	0.0000	0.0000	0.0000	2119
Hernandez, Francisco C CHW	Free Agent	0	0	0	0	0	0	0	0	0	0	0	0	0.0000	0.0000	0.0000	2126
Molina, Angel C FLA	Free Agent	0	0	0	0	0	0	0	0	0	0	0	0	0.0000	0.0000	0.0000	2130
Schweiger, Brian C SEA	Free Agent	0	0	0	0	0	0	0	0	0	0	0	0	0.0000	0.0000	0.0000	2132
Sardinha, Dane K. C PHI 	Free Agent	0	0	0	0	0	0	0	0	0	0	0	0	0.0000	0.0000	0.0000	2134
Dillon, Zachary C BAL	Free Agent	0	0	0	0	0	0	0	0	0	0	0	0	0.0000	0.0000	0.0000	2141
McKenry, Michael C COL	Free Agent	0	0	0	0	0	0	0	0	0	0	0	0	0.0000	0.0000	0.0000	2171
McCullough, Clayton C CLE	Free Agent	0	0	0	0	0	0	0	0	0	0	0	0	0.0000	0.0000	0.0000	2201
Franco, Iker C ATL	Free Agent	0	0	0	0	0	0	0	0	0	0	0	0	0.0000	0.0000	0.0000	2212
Munson, Eric C OAK	Free Agent	0	0	0	0	0	0	0	0	0	0	0	0	0.0000	0.0000	0.0000	2218
Massiatte, Dan C TB	Free Agent	0	0	0	0	0	0	0	0	0	0	0	0	0.0000	0.0000	0.0000	2225
Laforest, Pete C PHI	Free Agent	0	0	0	0	0	0	0	0	0	0	0	0	0.0000	0.0000	0.0000	2230
Esposito, Brian C HOU	Free Agent	0	0	0	0	0	0	0	0	0	0	0	0	0.0000	0.0000	0.0000	2261
Nunez, Israel C SEA	Free Agent	0	0	0	0	0	0	0	0	0	0	0	0	0.0000	0.0000	0.0000	2287
Ashley, Nevin C TB	Free Agent	0	0	0	0	0	0	0	0	0	0	0	0	0.0000	0.0000	0.0000	2316
Hill, Steven C STL	Free Agent	0	0	0	0	0	0	0	0	0	0	0	0	0.0000	0.0000	0.0000	2321
Ortiz, Gabriel C OAK	Free Agent	0	0	0	0	0	0	0	0	0	0	0	0	0.0000	0.0000	0.0000	2351
Sprowl, Jon-Mark C NYY	Free Agent	0	0	0	0	0	0	0	0	0	0	0	0	0.0000	0.0000	0.0000	2353
Dirosa, Michael C ARI	Free Agent	0	0	0	0	0	0	0	0	0	0	0	0	0.0000	0.0000	0.0000	2366
Castellano, John C CIN	Free Agent	0	0	0	0	0	0	0	0	0	0	0	0	0.0000	0.0000	0.0000	2370
LuCroy, Jonathan C MIL	Free Agent	0	0	0	0	0	0	0	0	0	0	0	0	0.0000	0.0000	0.0000	2378
Spilman, Ryan C CLE	Free Agent	0	0	0	0	0	0	0	0	0	0	0	0	0.0000	0.0000	0.0000	2395
Gradoville, Tim C PHI	Free Agent	0	0	0	0	0	0	0	0	0	0	0	0	0.0000	0.0000	0.0000	2401
Closser, J.D. C CHC	Free Agent	0	0	0	0	0	0	0	0	0	0	0	0	0.0000	0.0000	0.0000	2417
De Los Santos, Anel C ANA	Free Agent	0	0	0	0	0	0	0	0	0	0	0	0	0.0000	0.0000	0.0000	2431
Hammock, Robby C BAL	Free Agent	0	0	0	0	0	0	0	0	0	0	0	0	0.0000	0.0000	0.0000	2437
Donachie, Adam C BAL	Free Agent	0	0	0	0	0	0	0	0	0	0	0	0	0.0000	0.0000	0.0000	2447
Wipke, Flint C ANA	Free Agent	0	0	0	0	0	0	0	0	0	0	0	0	0.0000	0.0000	0.0000	2461
Cruz, Tony C STL	Free Agent	0	0	0	0	0	0	0	0	0	0	0	0	0.0000	0.0000	0.0000	2462
Moylan, Dan C STL	Free Agent	0	0	0	0	0	0	0	0	0	0	0	0	0.0000	0.0000	0.0000	2468
Santangelo, Lou C HOU	Free Agent	0	0	0	0	0	0	0	0	0	0	0	0	0.0000	0.0000	0.0000	2483
Solano, Jhonatan C WAS	Free Agent	0	0	0	0	0	0	0	0	0	0	0	0	0.0000	0.0000	0.0000	2499
Radwan, Jason C SEA	Free Agent	0	0	0	0	0	0	0	0	0	0	0	0	0.0000	0.0000	0.0000	2529
Pilittere, P.J. C NYY	Free Agent	0	0	0	0	0	0	0	0	0	0	0	0	0.0000	0.0000	0.0000	2558
Rodriguez, Guillermo C BAL	Free Agent	0	0	0	0	0	0	0	0	0	0	0	0	0.0000	0.0000	0.0000	2570
Cota, Humberto C CIN	Free Agent	0	0	0	0	0	0	0	0	0	0	0	0	0.0000	0.0000	0.0000	2571
Christy, Jeff C MIN	Free Agent	0	0	0	0	0	0	0	0	0	0	0	0	0.0000	0.0000	0.0000	2580
Hall, Toby C HOU	Free Agent	0	0	0	0	0	0	0	0	0	0	0	0	0.0000	0.0000	0.0000	2600
Isenia, Chairon C TB	Free Agent	0	0	0	0	0	0	0	0	0	0	0	0	0.0000	0.0000	0.0000	2613
Douillard, Jonathan C CHC	Free Agent	0	0	0	0	0	0	0	0	0	0	0	0	0.0000	0.0000	0.0000	2616
Arroyo, Rafael C NYM	Free Agent	0	0	0	0	0	0	0	0	0	0	0	0	0.0000	0.0000	0.0000	2625
Torres, Gabby C MIN	Free Agent	0	0	0	0	0	0	0	0	0	0	0	0	0.0000	0.0000	0.0000	2626
Duff, Tim C ANA	Free Agent	0	0	0	0	0	0	0	0	0	0	0	0	0.0000	0.0000	0.0000	2630
Robinson, Christopher C CHC	Free Agent	0	0	0	0	0	0	0	0	0	0	0	0	0.0000	0.0000	0.0000	2635
Geiger, Kyle C MIN	Free Agent	0	0	0	0	0	0	0	0	0	0	0	0	0.0000	0.0000	0.0000	2646
Perez, Carlos T. C CHC	Free Agent	0	0	0	0	0	0	0	0	0	0	0	0	0.0000	0.0000	0.0000	2647
Walker, Brian C ANA	Free Agent	0	0	0	0	0	0	0	0	0	0	0	0	0.0000	0.0000	0.0000	2663
Walk, John C PIT	Free Agent	0	0	0	0	0	0	0	0	0	0	0	0	0.0000	0.0000	0.0000	2670
Jeroloman, Brian C TOR	Free Agent	0	0	0	0	0	0	0	0	0	0	0	0	0.0000	0.0000	0.0000	2676
Bernard, Miguel C ATL	Free Agent	0	0	0	0	0	0	0	0	0	0	0	0	0.0000	0.0000	0.0000	2696
De La Cruz, Luis C STL	Free Agent	0	0	0	0	0	0	0	0	0	0	0	0	0.0000	0.0000	0.0000	2719
Jorgensen, Ryan W. C CIN	Free Agent	0	0	0	0	0	0	0	0	0	0	0	0	0.0000	0.0000	0.0000	2746
Reed, Mark C CHC	Free Agent	0	0	0	0	0	0	0	0	0	0	0	0	0.0000	0.0000	0.0000	2761
Martinez, Brett C ANA	Free Agent	0	0	0	0	0	0	0	0	0	0	0	0	0.0000	0.0000	0.0000	2767
Herrera, Javier C WAS	Free Agent	0	0	0	0	0	0	0	0	0	0	0	0	0.0000	0.0000	0.0000	2782
Kunkel, Jeff C DET	Free Agent	0	0	0	0	0	0	0	0	0	0	0	0	0.0000	0.0000	0.0000	2787
Collins, Mike C ANA	Free Agent	0	0	0	0	0	0	0	0	0	0	0	0	0.0000	0.0000	0.0000	2790
Curry, Christopher C SF	Free Agent	0	0	0	0	0	0	0	0	0	0	0	0	0.0000	0.0000	0.0000	2811
Casanova, Raul C NYM	Free Agent	0	0	0	0	0	0	0	0	0	0	0	0	0.0000	0.0000	0.0000	2815
Bouchie, Andy C MIL	Free Agent	0	0	0	0	0	0	0	0	0	0	0	0	0.0000	0.0000	0.0000	2827
Oliveros, Luis C SEA	Free Agent	0	0	0	0	0	0	0	0	0	0	0	0	0.0000	0.0000	0.0000	2831
Donaldson, Josh C OAK 	Free Agent	0	0	0	0	0	0	0	0	0	0	0	0	0.0000	0.0000	0.0000	2832
Flores, Angel C DET	Free Agent	0	0	0	0	0	0	0	0	0	0	0	0	0.0000	0.0000	0.0000	2835
Stassi, Max C OAK 	Free Agent	0	0	0	0	0	0	0	0	0	0	0	0	0.0000	0.0000	0.0000	2836
Perez, Miguel C PIT	Free Agent	0	0	0	0	0	0	0	0	0	0	0	0	0.0000	0.0000	0.0000	2860
Hatcher, Justin C SD	Free Agent	0	0	0	0	0	0	0	0	0	0	0	0	0.0000	0.0000	0.0000	2863
d'Arnaud, Travis C TOR	Free Agent	0	0	0	0	0	0	0	0	0	0	0	0	0.0000	0.0000	0.0000	2878
Devries, Jonathan C BOS	Free Agent	0	0	0	0	0	0	0	0	0	0	0	0	0.0000	0.0000	0.0000	2888
Casanova, Adrian C DET	Free Agent	0	0	0	0	0	0	0	0	0	0	0	0	0.0000	0.0000	0.0000	2889
Bormaster, Brian C TOR	Free Agent	0	0	0	0	0	0	0	0	0	0	0	0	0.0000	0.0000	0.0000	2891
Blumenthal, Benjamin C NYY	Free Agent	0	0	0	0	0	0	0	0	0	0	0	0	0.0000	0.0000	0.0000	2896
Howell, Jeff C KC	Free Agent	0	0	0	0	0	0	0	0	0	0	0	0	0.0000	0.0000	0.0000	2906
Denove, Chris C CIN	Free Agent	0	0	0	0	0	0	0	0	0	0	0	0	0.0000	0.0000	0.0000	2926
Valentin, Javier C NYM	Free Agent	0	0	0	0	0	0	0	0	0	0	0	0	0.0000	0.0000	0.0000	2937
Heintz, Chris J. C BAL	Free Agent	0	0	0	0	0	0	0	0	0	0	0	0	0.0000	0.0000	0.0000	2940
Hankins, Ryan C NYY	Free Agent	0	0	0	0	0	0	0	0	0	0	0	0	0.0000	0.0000	0.0000	2946
Ventura, Leivi C NYM	Free Agent	0	0	0	0	0	0	0	0	0	0	0	0	0.0000	0.0000	0.0000	2974
Lobaton, Jose C TB	Free Agent	0	0	0	0	0	0	0	0	0	0	0	0	0.0000	0.0000	0.0000	2989
Ansman, Craig C ARI	Free Agent	0	0	0	0	0	0	0	0	0	0	0	0	0.0000	0.0000	0.0000	2996
Naylor, Clinton C SD	Free Agent	0	0	0	0	0	0	0	0	0	0	0	0	0.0000	0.0000	0.0000	3005
Knoedler, Justin C FLA	Free Agent	0	0	0	0	0	0	0	0	0	0	0	0	0.0000	0.0000	0.0000	3027
Williams, Jackson C SF	Free Agent	0	0	0	0	0	0	0	0	0	0	0	0	0.0000	0.0000	0.0000	3029
Lee, Carlos H. C CHW	Free Agent	0	0	0	0	0	0	0	0	0	0	0	0	0.0000	0.0000	0.0000	3030
Corporan, Carlos C MIL 	Free Agent	0	0	0	0	0	0	0	0	0	0	0	0	0.0000	0.0000	0.0000	3034
Hietpas, Joe C NYM	Free Agent	0	0	0	0	0	0	0	0	0	0	0	0	0.0000	0.0000	0.0000	3036
Johjima, Kenji C SEA	Free Agent	0	0	0	0	0	0	0	0	0	0	0	0	0.0000	0.0000	0.0000	3040
Colina, Alvin C ATL	Free Agent	0	0	0	0	0	0	0	0	0	0	0	0	0.0000	0.0000	0.0000	3055
May, Lucas C LA	Free Agent	0	0	0	0	0	0	0	0	0	0	0	0	0.0000	0.0000	0.0000	3059
Huber, Justin C MIN	Free Agent	0	0	0	0	0	0	0	0	0	0	0	0	0.0000	0.0000	0.0000	3077
Lerud, Steve C KC 	Free Agent	0	0	0	0	0	0	0	0	0	0	0	0	0.0000	0.0000	0.0000	3082
Derba, Nick C STL	Free Agent	0	0	0	0	0	0	0	0	0	0	0	0	0.0000	0.0000	0.0000	3084
Langill, Eric C LA	Free Agent	0	0	0	0	0	0	0	0	0	0	0	0	0.0000	0.0000	0.0000	3111
Hatcher, Chris C. C FLA	Free Agent	0	0	0	0	0	0	0	0	0	0	0	0	0.0000	0.0000	0.0000	3121
Pierre, Max C DET	Free Agent	0	0	0	0	0	0	0	0	0	0	0	0	0.0000	0.0000	0.0000	3124
Apodaca, Juan C BOS	Free Agent	0	0	0	0	0	0	0	0	0	0	0	0	0.0000	0.0000	0.0000	3136
Arhart, Josh C TB	Free Agent	0	0	0	0	0	0	0	0	0	0	0	0	0.0000	0.0000	0.0000	3140
Vanden Berg, John C PHI	Free Agent	0	0	0	0	0	0	0	0	0	0	0	0	0.0000	0.0000	0.0000	3144
Rosendo, Gustavo C OAK	Free Agent	0	0	0	0	0	0	0	0	0	0	0	0	0.0000	0.0000	0.0000	3147
Casillas, Omar C CLE	Free Agent	0	0	0	0	0	0	0	0	0	0	0	0	0.0000	0.0000	0.0000	3157
Trzesniak, Nick C DET	Free Agent	0	0	0	0	0	0	0	0	0	0	0	0	0.0000	0.0000	0.0000	3165
Bellorin, Edwin C KC 	Free Agent	0	0	0	0	0	0	0	0	0	0	0	0	0.0000	0.0000	0.0000	3176
Armstrong, Cole C CHW	Free Agent	0	0	0	0	0	0	0	0	0	0	0	0	0.0000	0.0000	0.0000	3188
Chauncey, Clinton C BOS	Free Agent	0	0	0	0	0	0	0	0	0	0	0	0	0.0000	0.0000	0.0000	3202
Ojeda, Miguel C TEX	Free Agent	0	0	0	0	0	0	0	0	0	0	0	0	0.0000	0.0000	0.0000	3206
Day, Lawrence C NYY	Free Agent	0	0	0	0	0	0	0	0	0	0	0	0	0.0000	0.0000	0.0000	3210
Pratt, Trent C PHI	Free Agent	0	0	0	0	0	0	0	0	0	0	0	0	0.0000	0.0000	0.0000	3211
Fasano, Sal C COL 	Free Agent	0	0	0	0	0	0	0	0	0	0	0	0	0.0000	0.0000	0.0000	3218
Kennelly, Matt C ATL	Free Agent	0	0	0	0	0	0	0	0	0	0	0	0	0.0000	0.0000	0.0000	3222
Fernandez, Jair C MIN 	Free Agent	0	0	0	0	0	0	0	0	0	0	0	0	0.0000	0.0000	0.0000	3227
Buller, Dayton C COL	Free Agent	0	0	0	0	0	0	0	0	0	0	0	0	0.0000	0.0000	0.0000	3248
Hubele, Ryan C BAL	Free Agent	0	0	0	0	0	0	0	0	0	0	0	0	0.0000	0.0000	0.0000	3262
Concepcion, Alberto C LA	Free Agent	0	0	0	0	0	0	0	0	0	0	0	0	0.0000	0.0000	0.0000	3278
Ivany, Devin C WAS	Free Agent	0	0	0	0	0	0	0	0	0	0	0	0	0.0000	0.0000	0.0000	3282
Whittaker, Tim C TOR	Free Agent	0	0	0	0	0	0	0	0	0	0	0	0	0.0000	0.0000	0.0000	3288
Tintor, Eli C MIN	Free Agent	0	0	0	0	0	0	0	0	0	0	0	0	0.0000	0.0000	0.0000	3295
Wideman, Jordan C CIN	Free Agent	0	0	0	0	0	0	0	0	0	0	0	0	0.0000	0.0000	0.0000	3309
Peterson, Brian C DET	Free Agent	0	0	0	0	0	0	0	0	0	0	0	0	0.0000	0.0000	0.0000	3321
Wallach, Matthew C LA	Free Agent	0	0	0	0	0	0	0	0	0	0	0	0	0.0000	0.0000	0.0000	3324
Tupman, Matt C ARI 	Free Agent	0	0	0	0	0	0	0	0	0	0	0	0	0.0000	0.0000	0.0000	3339
Aceves, Jonathan C CHW	Free Agent	0	0	0	0	0	0	0	0	0	0	0	0	0.0000	0.0000	0.0000	3342
Morgan, Matt C ARI	Free Agent	0	0	0	0	0	0	0	0	0	0	0	0	0.0000	0.0000	0.0000	3352
Graham, Andrew C DET	Free Agent	0	0	0	0	0	0	0	0	0	0	0	0	0.0000	0.0000	0.0000	3360
Wallace, David C CLE	Free Agent	0	0	0	0	0	0	0	0	0	0	0	0	0.0000	0.0000	0.0000	3365
Buckley, Jim C BOS	Free Agent	0	0	0	0	0	0	0	0	0	0	0	0	0.0000	0.0000	0.0000	3369
Jennings, Todd C SF	Free Agent	0	0	0	0	0	0	0	0	0	0	0	0	0.0000	0.0000	0.0000	3379
Morris, Jed C OAK	Free Agent	0	0	0	0	0	0	0	0	0	0	0	0	0.0000	0.0000	0.0000	3385
Wagner, Mark C BOS	Free Agent	0	0	0	0	0	0	0	0	0	0	0	0	0.0000	0.0000	0.0000	3391
Brito, Juan R. C WAS	Free Agent	0	0	0	0	0	0	0	0	0	0	0	0	0.0000	0.0000	0.0000	3406
Lehmann, Danny C MIN 	Free Agent	0	0	0	0	0	0	0	0	0	0	0	0	0.0000	0.0000	0.0000	3450
Nelson, Kevin C PHI 	Free Agent	0	0	0	0	0	0	0	0	0	0	0	0	0.0000	0.0000	0.0000	3455
Roa, Alcantara C DET	Free Agent	0	0	0	0	0	0	0	0	0	0	0	0	0.0000	0.0000	0.0000	3457
Liuzza, Matthew C TOR	Free Agent	0	0	0	0	0	0	0	0	0	0	0	0	0.0000	0.0000	0.0000	3465
Rick, Alan C CHC	Free Agent	0	0	0	0	0	0	0	0	0	0	0	0	0.0000	0.0000	0.0000	3470
Anderson, Bryan D. C STL	Free Agent	0	0	0	0	0	0	0	0	0	0	0	0	0.0000	0.0000	0.0000	3491
Rodriguez, Eddy C CIN	Free Agent	0	0	0	0	0	0	0	0	0	0	0	0	0.0000	0.0000	0.0000	3500
Avlas, Phil C ARI	Free Agent	0	0	0	0	0	0	0	0	0	0	0	0	0.0000	0.0000	0.0000	3502
Fryer, Eric C PIT	Free Agent	0	0	0	0	0	0	0	0	0	0	0	0	0.0000	0.0000	0.0000	3505
Clements, Zac C NYM	Free Agent	0	0	0	0	0	0	0	0	0	0	0	0	0.0000	0.0000	0.0000	3507
Brock, Caleb C CLE	Free Agent	0	0	0	0	0	0	0	0	0	0	0	0	0.0000	0.0000	0.0000	3517
Kent, Mat C BOS	Free Agent	0	0	0	0	0	0	0	0	0	0	0	0	0.0000	0.0000	0.0000	3519
Corredor, Nestor C MIL	Free Agent	0	0	0	0	0	0	0	0	0	0	0	0	0.0000	0.0000	0.0000	3522
Gil, Jose C NYY	Free Agent	0	0	0	0	0	0	0	0	0	0	0	0	0.0000	0.0000	0.0000	3538
Pina, Manuel C KC	Free Agent	0	0	0	0	0	0	0	0	0	0	0	0	0.0000	0.0000	0.0000	3553
Purdom, John C FLA	Free Agent	0	0	0	0	0	0	0	0	0	0	0	0	0.0000	0.0000	0.0000	3555
Gimenez, Hector C PIT	Free Agent	0	0	0	0	0	0	0	0	0	0	0	0	0.0000	0.0000	0.0000	3570
Kopitzke, Casey C CHC	Free Agent	0	0	0	0	0	0	0	0	0	0	0	0	0.0000	0.0000	0.0000	3582
Espino, Damaso C CLE	Free Agent	0	0	0	0	0	0	0	0	0	0	0	0	0.0000	0.0000	0.0000	3596
Clark, Cody C KC 	Free Agent	0	0	0	0	0	0	0	0	0	0	0	0	0.0000	0.0000	0.0000	3599
Yarbrough, Brandon C STL	Free Agent	0	0	0	0	0	0	0	0	0	0	0	0	0.0000	0.0000	0.0000	3604
Ebarb, C.J. C TOR	Free Agent	0	0	0	0	0	0	0	0	0	0	0	0	0.0000	0.0000	0.0000	3642
Feiner, Korey C MIN	Free Agent	0	0	0	0	0	0	0	0	0	0	0	0	0.0000	0.0000	0.0000	3650
Cruz, Rafael C ATL	Free Agent	0	0	0	0	0	0	0	0	0	0	0	0	0.0000	0.0000	0.0000	3653
Palmisano, Lou C HOU	Free Agent	0	0	0	0	0	0	0	0	0	0	0	0	0.0000	0.0000	0.0000	3656
Ford, Josh C ARI	Free Agent	0	0	0	0	0	0	0	0	0	0	0	0	0.0000	0.0000	0.0000	3657
Harrigan, Hunter C TEX	Free Agent	0	0	0	0	0	0	0	0	0	0	0	0	0.0000	0.0000	0.0000	3674
Holm, Steve C SF	Free Agent	0	0	0	0	0	0	0	0	0	0	0	0	0.0000	0.0000	0.0000	3702
Waldron, Jeffrey C TEX	Free Agent	0	0	0	0	0	0	0	0	0	0	0	0	0.0000	0.0000	0.0000	3706
Exposito, Luis C BOS	Free Agent	0	0	0	0	0	0	0	0	0	0	0	0	0.0000	0.0000	0.0000	3710
Sanchez, Luany C KC	Free Agent	0	0	0	0	0	0	0	0	0	0	0	0	0.0000	0.0000	0.0000	3714
Schmidt, Konrad C ARI	Free Agent	0	0	0	0	0	0	0	0	0	0	0	0	0.0000	0.0000	0.0000	3718
Cancel, Robinson C NYM	Free Agent	0	0	0	0	0	0	0	0	0	0	0	0	0.0000	0.0000	0.0000	3729
Myers, Corey C ARI	Free Agent	0	0	0	0	0	0	0	0	0	0	0	0	0.0000	0.0000	0.0000	3731
Galarraga, Joel C OAK 	Free Agent	0	0	0	0	0	0	0	0	0	0	0	0	0.0000	0.0000	0.0000	3734
Sanchez, Danilo C STL	Free Agent	0	0	0	0	0	0	0	0	0	0	0	0	0.0000	0.0000	0.0000	3755
Bowen, Joe C DET	Free Agent	0	0	0	0	0	0	0	0	0	0	0	0	0.0000	0.0000	0.0000	3760
Rams, Danny C MIN 	Free Agent	0	0	0	0	0	0	0	0	0	0	0	0	0.0000	0.0000	0.0000	n/a
