All Outfielders 2011 MLB Standard Stats																		
Player	Action	Team	AB	R	H	1B	2B	3B	HR	RBI	BB	KO	SB	CS	BA	OBP	SLG	Rank
Kemp, Matt CF LAD	-	Sofa Kings	602	115	195	119	33	4	39	126	74	159	40	11	0.3239	0.3991	0.5864	2
Ellsbury, Jacoby CF BOS	-	Titty`s Warriors	660	119	212	129	46	5	32	105	52	98	39	15	0.3212	0.3760	0.5515	4
Braun, Ryan LF MIL 	-	Disco Bush Horticulturists	563	109	187	110	38	6	33	111	58	93	33	6	0.3321	0.3975	0.5968	5
Granderson, Curtis CF NYY	-	Shits & Giggles	583	136	153	76	26	10	41	119	85	169	25	10	0.2624	0.3639	0.5523	14
Bourn, Michael CF ATL	-	Whiteness	656	94	193	147	34	10	2	50	53	140	61	14	0.2942	0.3487	0.3857	17
Bautista, Jose LF TOR	-	Blue Crew	513	105	155	86	24	2	43	103	132	111	9	5	0.3021	0.4473	0.6082	21
Upton, Justin RF ARI	-	Want-a-be Ghetto All Stars	592	105	171	96	39	5	31	88	59	126	21	9	0.2889	0.3694	0.5287	30
Cabrera, Melky LF SF	-	Shits & Giggles	658	102	201	134	44	5	18	87	35	94	20	10	0.3055	0.3391	0.4696	37
Gordon, Alex LF KC	-	Orange-a-Tangs	611	101	185	113	45	4	23	87	67	139	17	8	0.3028	0.3765	0.5025	39
Gonzalez, Carlos LF COL 	-	Titty`s Warriors	481	92	142	86	27	3	26	92	48	105	20	5	0.2952	0.3635	0.5260	41
Pence, Hunter RF PHI 	-	Shits & Giggles	606	84	190	125	38	5	22	97	56	124	8	2	0.3135	0.3698	0.5017	49
Francoeur, Jeff RF KC	-	Sofa Kings	601	77	171	100	47	4	20	87	37	123	22	10	0.2845	0.3293	0.4759	57
Bonifacio, Emilio SS MIA 	-	Sofa Kings	565	78	167	129	26	7	5	36	59	129	40	11	0.2956	0.3603	0.3929	60
Berkman, Lance RF STL	-	Sofa Kings	488	90	147	91	23	2	31	94	92	93	2	6	0.3012	0.4123	0.5471	61
Crisp, Coco CF OAK 	-	Want-a-be Ghetto All Stars	531	69	140	100	27	5	8	54	41	65	49	9	0.2637	0.3143	0.3785	62
Morse, Michael 1B WAS	-	Whiteness	522	73	158	91	36	0	31	95	36	126	2	3	0.3027	0.3600	0.5498	67
Upton, B.J. CF TB 	-	Evil Empire	560	82	136	82	27	4	23	81	71	161	36	12	0.2429	0.3307	0.4286	70
Hamilton, Josh CF TEX 	-	Floaters and Sinkers	487	80	145	84	31	5	25	94	39	93	8	1	0.2977	0.3457	0.5359	71
Gardner, Brett CF NYY	-	Orange-a-Tangs	510	87	132	98	19	8	7	36	60	93	49	13	0.2588	0.3448	0.3686	78
Zobrist, Ben 2B TB	-	Floaters and Sinkers	588	99	158	86	46	6	20	91	77	128	19	6	0.2687	0.3527	0.4694	82
McCutchen, Andrew CF PIT	-	Blue Crew	572	87	148	86	34	5	23	89	89	126	23	10	0.2587	0.3639	0.4563	84
Suzuki, Ichiro RF SEA 	-	Disco Bush Horticulturists	677	80	184	154	22	3	5	47	39	69	40	7	0.2718	0.3097	0.3353	95
Maybin, Cameron CF SD 	-	Sofa Kings	516	82	136	95	24	8	9	40	44	125	40	8	0.2636	0.3227	0.3934	98
Victorino, Shane CF PHI	-	Titty`s Warriors	519	95	145	85	27	16	17	61	55	63	19	3	0.2794	0.3552	0.4913	101
Jones, Adam CF BAL 	-	User Abuser	567	68	159	106	26	2	25	83	29	113	12	4	0.2804	0.3193	0.4656	104
Beltran, Carlos CF STL 	-	Floaters and Sinkers	520	78	156	89	39	6	22	84	71	88	4	2	0.3000	0.3846	0.5250	105
Stubbs, Drew CF CIN	-	Sofa Kings	604	92	147	107	22	3	15	44	63	205	40	10	0.2434	0.3215	0.3642	110
Kendrick, Howard 2B LAA 	-	Whiteness	537	86	153	99	30	6	18	63	33	119	14	6	0.2849	0.3379	0.4637	113
Bruce, Jay RF CIN	-	SA`s	585	84	150	89	27	2	32	97	71	158	8	7	0.2564	0.3409	0.4735	116
Stanton, Mike RF MIA	-	Titty`s Warriors	516	79	135	66	30	5	34	87	70	166	5	5	0.2616	0.3561	0.5368	121
Hart, Corey RF MIL	-	Titty`s Warriors	492	80	140	85	25	4	26	63	51	114	7	6	0.2846	0.3558	0.5102	122
Holliday, Matt LF STL 	-	SA`s	446	83	132	74	36	0	22	75	60	93	2	1	0.2960	0.3876	0.5247	127
Cuddyer, Michael RF COL 	-	Want-a-be Ghetto All Stars	529	70	150	99	29	2	20	70	48	95	11	1	0.2836	0.3459	0.4594	130
Cruz, Nelson RF TEX	-	Whiteness	475	64	125	67	28	1	29	87	33	116	9	5	0.2632	0.3119	0.5095	131
Joyce, Matt RF TB	-	Free Agent	462	69	128	75	32	2	19	75	49	106	13	1	0.2771	0.3467	0.4784	135
Markakis, Nick RF BAL 	-	User Abuser	641	72	182	135	31	1	15	73	62	75	12	3	0.2839	0.3506	0.4056	136
Pagan, Angel CF SF 	-	SA`s	478	68	125	90	24	4	7	56	44	62	32	7	0.2615	0.3220	0.3724	142
Damon, Johnny DH TB	-	Want-a-be Ghetto All Stars	582	79	152	100	29	7	16	73	51	92	19	6	0.2612	0.3256	0.4175	143
Pierre, Juan LF CHW	-	SA`s	639	80	178	155	17	4	2	50	43	41	27	17	0.2786	0.3295	0.3271	146
Trumbo, Mark 1B LAA 	-	Want-a-be Ghetto All Stars	539	65	137	76	31	1	29	87	25	120	9	4	0.2542	0.2914	0.4768	151
Bourjos, Peter CF LAA	-	Free Agent	502	72	136	87	26	11	12	43	32	124	22	9	0.2709	0.3266	0.4382	163
Young, Chris CF ARI	-	Whiteness	567	89	134	73	38	3	20	71	80	139	22	9	0.2363	0.3313	0.4198	165
Lee, Carlos LF HOU	-	User Abuser	585	66	161	101	38	4	18	94	59	60	4	3	0.2752	0.3415	0.4462	170
Smith, Seth LF COL 	-	Free Agent	476	67	135	79	32	9	15	59	46	93	10	2	0.2836	0.3471	0.4832	175
Hunter, Torii CF LAA	-	User Abuser	580	80	152	103	24	2	23	82	62	125	5	7	0.2621	0.3359	0.4293	176
Willingham, Josh LF MIN 	-	Free Agent	488	69	120	65	26	0	29	98	56	150	4	1	0.2459	0.3321	0.4775	177
Swisher, Nick RF NYY	-	Orange-a-Tangs	526	81	137	84	30	0	23	85	95	125	2	2	0.2605	0.3738	0.4487	187
Parra, Gerardo LF ARI 	-	Free Agent	445	55	130	94	20	8	8	46	43	82	15	1	0.2921	0.3570	0.4270	189
Revere, Ben CF MIN	-	Free Agent	450	56	120	106	9	5	0	30	26	41	34	9	0.2667	0.3096	0.3089	191
Boesch, Brennan RF DET	-	User Abuser	428	75	121	79	25	1	16	54	35	83	5	3	0.2827	0.3411	0.4579	195
Morgan, Nyjer CF MIL 	-	Free Agent	378	61	115	85	20	6	4	37	19	70	13	4	0.3042	0.3575	0.4206	210
Jackson, Austin CF DET 	-	User Abuser	591	90	147	104	22	11	10	45	56	181	22	5	0.2487	0.3165	0.3739	211
Bourgeois, Jason RF HOU	-	Free Agent	238	30	70	59	8	2	1	16	10	24	31	6	0.2941	0.3226	0.3571	214
Crawford, Carl LF BOS	-	Evil Empire	506	65	129	82	29	7	11	56	23	104	18	6	0.2549	0.2892	0.4051	223
Venable, Will RF SD	-	Free Agent	370	49	91	61	14	7	9	44	31	92	26	3	0.2459	0.3098	0.3946	224
Ethier, Andre RF LAD 	-	Orange-a-Tangs	487	67	142	101	30	0	11	62	58	103	0	1	0.2916	0.3684	0.4209	234
Abreu, Bobby RF LAA 	-	Free Agent	502	54	127	88	30	1	8	60	78	113	21	5	0.2530	0.3527	0.3645	235
Werth, Jayson RF WAS	-	Orange-a-Tangs	561	69	130	83	26	1	20	58	74	160	19	3	0.2317	0.3297	0.3886	238
Jay, Jon LF STL	-	Free Agent	455	56	135	99	24	2	10	37	28	81	6	7	0.2967	0.3441	0.4242	241
Quentin, Carlos LF SD 	-	Free Agent	421	53	107	52	31	0	24	77	34	84	1	1	0.2542	0.3395	0.4988	246
Soriano, Alfonso LF CHC 	-	Free Agent	475	50	116	62	27	1	26	88	27	113	2	1	0.2442	0.2894	0.4695	248
Davis, Rajai CF TOR	-	Blue Crew	320	44	76	48	21	6	1	29	15	63	34	11	0.2375	0.2730	0.3500	251
Murphy, David LF TEX	-	Free Agent	404	46	111	84	14	2	11	46	33	61	11	6	0.2748	0.3280	0.4010	254
Jennings, Desmond CF TB	-	Orange-a-Tangs	247	44	64	41	9	4	10	25	31	59	20	6	0.2591	0.3556	0.4494	255
Fowler, Dexter CF COL	-	Free Agent	481	84	128	73	35	15	5	45	68	130	12	9	0.2661	0.3633	0.4324	256
Mayberry, John LF PHI 	-	Free Agent	267	37	73	40	17	1	15	49	26	55	8	3	0.2734	0.3412	0.5131	269
Brantley, Michael CF CLE 	-	Free Agent	451	63	120	85	24	4	7	46	34	76	13	5	0.2661	0.3185	0.3836	272
Guzman, Jesus 1B SD 	-	Free Agent	247	33	77	48	22	2	5	44	22	43	9	2	0.3117	0.3690	0.4777	278
Morrison, Logan LF MIA 	-	Evil Empire	462	54	114	62	25	4	23	72	54	99	2	1	0.2468	0.3295	0.4675	281
Ibanez, Raul LF PHI	-	Free Agent	535	65	131	79	31	1	20	84	33	106	2	0	0.2449	0.2887	0.4187	283
Craig, Allen RF STL 	-	Free Agent	200	33	63	37	15	0	11	40	15	40	5	0	0.3150	0.3624	0.5550	288
Heisey, Chris CF CIN 	-	Free Agent	279	44	71	43	9	1	18	50	19	78	6	1	0.2545	0.3094	0.4875	289
Bloomquist, Willie SS ARI	-	Floaters and Sinkers	350	44	93	77	10	2	4	26	23	51	20	10	0.2657	0.3166	0.3400	296
Bay, Jason LF NYM	-	Free Agent	444	59	109	77	19	1	12	57	56	109	11	1	0.2455	0.3287	0.3739	299
Prado, Martin LF ATL 	-	User Abuser	551	66	143	102	26	2	13	57	34	52	4	8	0.2595	0.3022	0.3848	305
De Aza, Alejandro CF CHW	-	Free Agent	152	29	50	32	11	3	4	23	17	34	12	5	0.3289	0.4000	0.5197	307
Young, Delmon LF DET	-	Whiteness	473	54	127	93	21	1	12	64	23	85	1	0	0.2685	0.3022	0.3932	308
Chavez, Endy RF BAL 	-	Free Agent	256	37	77	58	11	3	5	27	10	30	10	5	0.3008	0.3234	0.4258	311
Rivera, Juan LF LAD	-	Whiteness	466	46	120	85	23	1	11	74	43	76	5	3	0.2575	0.3186	0.3820	316
Schierholtz, Nate RF SF	-	Free Agent	335	42	93	61	22	1	9	41	21	61	7	4	0.2776	0.3260	0.4299	318
Wells, Vernon CF LAA	-	Disco Bush Horticulturists	505	60	110	66	15	4	25	66	20	86	9	4	0.2178	0.2476	0.4119	319
Duda, Lucas LF NYM	-	Free Agent	301	38	88	54	21	3	10	50	33	57	1	0	0.2924	0.3699	0.4817	323
Moreland, Mitch 1B TEX 	-	Blue Crew	464	60	120	81	22	1	16	51	39	92	2	2	0.2586	0.3196	0.4138	325
Tabata, Jose LF PIT 	-	Free Agent	334	53	89	66	18	1	4	21	40	61	16	7	0.2665	0.3491	0.3623	326
Lillibridge, Brent RF CHW	-	Free Agent	186	38	48	29	5	1	13	29	17	62	10	6	0.2581	0.3396	0.5054	329
Young, Eric LF COL 	-	SA`s	198	34	49	42	4	3	0	10	26	38	27	4	0.2475	0.3421	0.2980	335
Jones, Garrett RF PIT	-	Free Agent	423	51	103	56	30	1	16	58	48	104	6	3	0.2435	0.3208	0.4326	338
Gwynn, Tony CF LAD 	-	Free Agent	312	37	80	60	12	6	2	22	23	61	22	6	0.2564	0.3077	0.3526	339
Kubel, Jason LF ARI 	-	Blue Crew	366	37	100	66	21	1	12	58	32	86	1	1	0.2732	0.3317	0.4344	344
Wigginton, Ty 3B PHI	-	Free Agent	401	52	97	59	21	2	15	47	38	84	8	1	0.2419	0.3146	0.4165	349
Aviles, Mike 3B BOS 	-	Free Agent	286	31	73	46	17	3	7	39	13	44	14	4	0.2552	0.2885	0.4091	351
Choo, Shin-Soo RF CLE 	-	SA`s	313	37	81	59	11	3	8	36	36	78	12	5	0.2588	0.3436	0.3898	353
Reimold, Nolan LF BAL	-	Free Agent	267	40	66	40	10	3	13	45	28	57	7	2	0.2472	0.3279	0.4532	356
Campana, Tony CF CHC	-	Free Agent	143	24	37	33	3	0	1	6	8	30	24	2	0.2587	0.3026	0.3007	361
Byrd, Marlon CF CHC	-	Free Agent	446	51	123	90	22	2	9	35	25	78	3	2	0.2758	0.3243	0.3946	364
Bernadina, Roger CF WAS	-	Free Agent	309	40	75	54	12	2	7	27	22	63	17	3	0.2427	0.3015	0.3625	367
Matsui, Hideki LF OAK 	-	Free Agent	517	58	130	90	28	0	12	72	56	84	1	1	0.2515	0.3208	0.3752	368
Thames, Eric LF TOR	-	Free Agent	362	58	95	54	24	5	12	37	23	88	2	1	0.2624	0.3130	0.4558	371
Raburn, Ryan LF DET	-	Orange-a-Tangs	387	53	99	61	22	2	14	49	21	114	1	1	0.2558	0.2971	0.4315	372
Fuld, Sam LF TB	-	Free Agent	308	41	74	48	18	5	3	27	32	49	20	8	0.2403	0.3129	0.3604	375
Denorfia, Chris CF SD 	-	Free Agent	307	38	85	65	13	2	5	19	28	49	11	6	0.2769	0.3373	0.3811	377
Schafer, Jordan CF HOU	-	Free Agent	302	46	73	58	10	3	2	13	28	70	22	4	0.2417	0.3093	0.3146	379
Ross, Cody CF SF 	-	Free Agent	405	54	97	58	25	0	14	52	49	96	5	2	0.2395	0.3254	0.4049	386
Gentry, Craig LF TEX	-	Free Agent	133	26	36	29	5	1	1	13	10	27	18	0	0.2707	0.3467	0.3459	389
Presley, Alex CF PIT 	-	Free Agent	215	27	64	42	12	6	4	20	13	40	9	3	0.2977	0.3391	0.4651	390
Johnson, Reed LF CHC 	-	Free Agent	246	33	76	48	22	1	5	28	5	63	2	1	0.3089	0.3485	0.4675	395
Nix, Laynce LF PHI 	-	Free Agent	324	38	81	49	15	1	16	44	23	82	2	2	0.2500	0.2991	0.4506	399
Carp, Mike 1B SEA	-	Evil Empire	290	27	80	50	17	1	12	46	19	81	0	2	0.2759	0.3259	0.4655	400
Gomez, Carlos CF MIL	-	Free Agent	231	37	52	30	11	3	8	24	15	64	16	2	0.2251	0.2760	0.4026	402
Dobbs, Greg 3B MIA 	-	Free Agent	411	38	113	82	23	0	8	49	22	83	0	0	0.2749	0.3112	0.3893	407
Patterson, Corey CF STL	-	Free Agent	368	49	88	59	20	3	6	36	17	77	13	9	0.2391	0.2732	0.3587	413
Fukudome, Kosuke RF CLE	-	Free Agent	530	59	139	101	27	3	8	35	61	110	4	6	0.2623	0.3417	0.3698	414
Huff, Aubrey 1B SF 	-	Free Agent	521	45	128	88	27	1	12	59	47	90	5	3	0.2457	0.3057	0.3704	416
Heyward, Jason RF ATL	-	Shits & Giggles	396	50	90	56	18	2	14	42	51	93	9	2	0.2273	0.3194	0.3889	420
Paul, Xavier CF WAS 	-	Free Agent	243	30	62	49	6	5	2	20	13	62	16	6	0.2551	0.2918	0.3457	423
Ludwick, Ryan RF PIT 	-	Free Agent	490	56	116	80	23	0	13	75	51	124	1	1	0.2367	0.3103	0.3633	424
Rasmus, Colby CF TOR	-	Floaters and Sinkers	471	75	106	62	24	6	14	53	50	116	5	2	0.2251	0.2977	0.3907	427
Ankiel, Rick CF WAS	-	Free Agent	380	46	91	62	20	0	9	37	29	96	10	3	0.2395	0.2961	0.3632	431
Rios, Alex CF CHW	-	Floaters and Sinkers	537	64	122	85	22	2	13	44	27	68	11	6	0.2272	0.2649	0.3482	435
Duncan, Shelley LF CLE	-	Free Agent	223	29	58	30	17	0	11	47	19	56	0	1	0.2601	0.3239	0.4843	440
Reddick, Josh LF OAK 	-	Free Agent	254	41	71	43	18	3	7	28	19	50	1	2	0.2795	0.3273	0.4567	443
DeJesus, David LF CHC 	-	Free Agent	442	60	106	71	20	5	10	46	45	86	4	3	0.2398	0.3227	0.3756	452
Hairston, Jerry 3B LAD 	-	Free Agent	337	43	91	64	21	1	5	31	33	46	3	2	0.2700	0.3440	0.3828	457
Torres, Andres CF NYM 	-	Free Agent	348	50	77	48	24	1	4	19	42	95	19	6	0.2213	0.3122	0.3305	462
Schumaker, Skip 2B STL 	-	Free Agent	367	34	104	83	19	0	2	38	27	50	0	2	0.2834	0.3333	0.3515	485
Dirks, Andy CF DET	-	Free Agent	219	34	55	35	13	0	7	28	11	36	5	2	0.2511	0.2961	0.4064	486
Jones, Andruw RF NYY 	-	Free Agent	190	27	47	26	8	0	13	33	29	62	0	0	0.2474	0.3559	0.4947	488
Gomes, Jonny LF WAS	-	Free Agent	311	41	65	38	12	1	14	43	48	105	7	3	0.2090	0.3253	0.3891	489
Martinez, J.D. LF HOU	-	Free Agent	208	29	57	38	13	0	6	35	13	48	0	1	0.2740	0.3186	0.4231	497
Constanza, Jose LF ATL	-	Free Agent	109	21	33	29	1	1	2	10	6	14	7	4	0.3028	0.3391	0.3853	506
Wells, Casper RF SEA	-	Free Agent	215	30	51	29	11	0	11	27	18	71	3	2	0.2372	0.3167	0.4419	517
Plouffe, Trevor SS MIN	-	Free Agent	286	47	68	41	18	1	8	31	25	71	3	3	0.2378	0.3050	0.3916	520
Bogusevic, Brian RF HOU	-	Free Agent	164	22	47	28	14	1	4	15	15	40	4	2	0.2866	0.3481	0.4573	527
Span, Denard CF MIN	-	User Abuser	284	37	75	57	11	5	2	16	27	36	6	1	0.2641	0.3280	0.3592	536
Kotsay, Mark RF SD	-	Free Agent	233	18	63	46	13	1	3	31	21	27	3	0	0.2704	0.3294	0.3734	557
Francisco, Ben LF TOR 	-	Free Agent	250	24	61	44	10	1	6	34	33	42	4	4	0.2440	0.3402	0.3640	563
Snider, Travis LF TOR	-	Free Agent	187	23	42	25	14	0	3	30	11	56	9	3	0.2246	0.2687	0.3476	567
Kelly, Don LF DET	-	Free Agent	257	35	63	45	8	3	7	28	14	32	2	1	0.2451	0.2909	0.3813	570
Ordonez, Magglio RF DET 	-	Free Agent	329	33	84	69	10	0	5	32	23	41	2	1	0.2553	0.3025	0.3313	573
Jackson, Conor LF BOS	-	Free Agent	352	32	86	63	17	1	5	43	32	53	3	1	0.2443	0.3103	0.3409	577
Alonso, Yonder LF SD 	-	Blue Crew	88	9	29	20	4	0	5	15	10	21	0	0	0.3295	0.3980	0.5455	582
Nady, Xavier 1B ARI	-	Free Agent	206	26	51	36	11	0	4	35	10	46	2	0	0.2476	0.2870	0.3592	587
DeWitt, Blake LF CHC	-	Free Agent	230	21	61	41	11	4	5	26	12	31	1	0	0.2652	0.3045	0.4130	593
Greene, Tyler 2B STL	-	Free Agent	104	22	22	16	5	0	1	11	13	31	11	0	0.2115	0.3223	0.2885	596
Harris, Willie CF NYM	-	Free Agent	240	36	59	46	11	0	2	23	36	62	5	4	0.2458	0.3511	0.3167	597
Carrera, Ezequiel LF CLE	-	Free Agent	202	27	49	38	8	3	0	14	16	35	10	5	0.2426	0.3014	0.3119	601
Petersen, Bryan RF MIA	-	Free Agent	204	18	54	36	13	3	2	10	26	49	7	1	0.2647	0.3571	0.3873	604
Pridie, Jason LF NYM	-	Free Agent	208	28	48	30	11	3	4	20	24	64	7	1	0.2308	0.3090	0.3702	610
Coghlan, Chris LF MIA	-	Free Agent	269	33	62	36	20	1	5	22	22	49	7	6	0.2305	0.2963	0.3680	613
Sands, Jerry RF LAD 	-	Free Agent	198	20	50	31	15	0	4	26	25	51	3	3	0.2525	0.3378	0.3889	616
McDonald, Darnell RF BOS	-	Free Agent	157	26	37	24	6	1	6	24	14	33	2	3	0.2357	0.3029	0.4013	620
Brown, Domonic RF PHI	-	Floaters and Sinkers	184	28	45	29	10	1	5	19	25	35	3	1	0.2446	0.3333	0.3913	621
Sweeney, Ryan RF BOS 	-	Free Agent	264	34	70	55	11	3	1	25	33	48	1	1	0.2652	0.3456	0.3409	628
Hairston, Scott LF NYM 	-	Free Agent	132	20	31	15	8	1	7	24	11	34	1	1	0.2348	0.3034	0.4697	636
Evans, Nick 1B PIT 	-	Free Agent	176	26	45	29	10	2	4	25	15	48	0	1	0.2557	0.3144	0.4034	645
Blanks, Kyle RF SD	-	Free Agent	170	21	39	24	7	1	7	26	16	51	2	0	0.2294	0.3000	0.4059	647
Hinske, Eric RF ATL	-	Free Agent	236	24	55	35	10	0	10	28	26	71	0	1	0.2331	0.3106	0.4025	653
Dyson, Jarrod CF KC	-	Free Agent	44	8	9	8	1	0	0	3	7	14	11	1	0.2045	0.3077	0.2273	659
Belt, Brandon LF SF 	-	Disco Bush Horticulturists	187	21	42	26	6	1	9	18	20	57	3	2	0.2246	0.3062	0.4118	660
Sizemore, Grady CF CLE 	-	Free Agent	268	34	60	28	21	1	10	32	18	85	0	2	0.2239	0.2847	0.4216	661
Baker, Jeff 1B CHC	-	Free Agent	201	20	54	38	12	1	3	23	10	46	0	0	0.2687	0.3019	0.3831	663
Borbon, Julio CF TEX	-	Free Agent	89	10	24	20	1	3	0	11	3	9	6	2	0.2697	0.3053	0.3483	668
Diaz, Matt RF ATL	-	Free Agent	251	16	66	52	13	1	0	20	12	52	5	2	0.2629	0.3022	0.3227	669
Trout, Mike CF LAA	-	Disco Bush Horticulturists	123	20	27	16	6	0	5	16	9	30	4	0	0.2195	0.2815	0.3902	674
Repko, Jason CF MIN	-	Free Agent	133	21	30	26	2	0	2	11	6	38	7	2	0.2256	0.2695	0.2857	675
Gutierrez, Franklin CF SEA	-	Free Agent	322	26	72	58	13	0	1	19	16	56	13	2	0.2236	0.2610	0.2733	680
Angle, Matt LF BAL	-	Free Agent	79	12	14	9	4	0	1	7	12	13	11	1	0.1772	0.2935	0.2658	681
Ford, Darren CF SEA	-	Free Agent	14	7	4	4	0	0	0	0	1	5	7	5	0.2857	0.3750	0.2857	693
Scott, Luke LF BAL 	-	Blue Crew	209	24	46	26	11	0	9	22	24	54	1	1	0.2201	0.3008	0.4019	700
McCoy, Mike SS TOR	-	Free Agent	197	26	39	29	8	0	2	10	25	41	12	2	0.1980	0.2915	0.2690	703
Blackmon, Charlie OF COL	-	Free Agent	98	9	25	23	1	0	1	8	3	8	5	1	0.2551	0.2772	0.2959	707
Dickerson, Chris LF NYY	-	Free Agent	50	9	13	10	2	0	1	7	2	17	4	0	0.2600	0.2963	0.3600	709
McLouth, Nate CF PIT 	-	Free Agent	267	35	61	43	12	2	4	16	44	52	4	2	0.2285	0.3439	0.3333	716
Ruggiano, Justin LF TB	-	Free Agent	105	11	26	18	4	0	4	13	4	26	1	1	0.2476	0.2727	0.4000	719
Burrell, Pat LF SF	-	Free Agent	183	17	42	25	9	1	7	21	33	67	0	0	0.2295	0.3516	0.4044	722
Oeltjen, Trent RF LAD	-	Free Agent	71	10	14	10	1	1	2	6	13	30	6	0	0.1972	0.3218	0.3239	734
Halman, Greg RF SEA	-	Free Agent	87	7	20	15	2	1	2	6	2	32	5	1	0.2299	0.2556	0.3448	741
Bradley, Milton LF SEA	-	Free Agent	101	12	22	13	6	1	2	13	13	31	4	0	0.2178	0.3130	0.3564	744
Patterson, Eric LF SD 	-	Free Agent	89	8	16	11	2	1	2	8	12	22	8	2	0.1798	0.2718	0.2921	750
Dinkelman, Brian 2B MIN	-	Free Agent	73	5	22	21	1	0	0	4	4	14	2	0	0.3014	0.3462	0.3151	756
Cowgill, Collin RF OAK 	-	Free Agent	92	8	22	18	3	0	1	9	8	28	4	2	0.2391	0.3000	0.3043	757
Lewis, Fred LF CIN	-	Free Agent	183	20	42	32	7	0	3	19	22	38	2	5	0.2295	0.3206	0.3169	758
LaHair, Bryan RF CHC 	-	Free Agent	59	9	17	9	5	1	2	6	9	18	0	0	0.2881	0.3768	0.5085	760
Cameron, Mike CF WAS 	-	Free Agent	237	27	48	29	10	0	9	27	28	59	1	0	0.2025	0.2846	0.3586	766
Wise, Dewayne LF TOR 	-	Free Agent	99	10	20	15	2	1	2	7	3	36	6	2	0.2020	0.2308	0.3030	775
Rowand, Aaron CF SF 	-	Free Agent	331	34	77	49	22	2	4	21	10	84	2	3	0.2326	0.2735	0.3474	777
Christian, Justin LF SF	-	Free Agent	47	6	12	7	5	0	0	4	2	8	3	2	0.2553	0.2857	0.3617	789
Shuck, J.B. CF HOU	-	Free Agent	81	9	22	19	2	1	0	3	11	7	2	0	0.2716	0.3587	0.3210	790
Buck, Travis RF HOU	-	Free Agent	149	18	34	21	11	0	2	18	8	30	1	1	0.2282	0.2750	0.3423	791
Hawpe, Brad 1B SD 	-	Free Agent	195	19	45	31	10	0	4	19	19	68	0	0	0.2308	0.3009	0.3436	801
Viciedo, Dayan RF CHW 	-	Free Agent	102	11	26	22	3	0	1	6	9	23	1	0	0.2549	0.3274	0.3137	808
Crowe, Trevor LF CLE 	-	Free Agent	28	6	6	5	1	0	0	2	4	9	3	0	0.2143	0.3125	0.2500	822
Fox, Jake C PIT	-	Free Agent	61	8	15	8	4	1	2	6	4	8	0	0	0.2459	0.3134	0.4426	827
Maier, Mitch CF KC	-	Free Agent	95	19	22	15	4	3	0	7	16	32	1	0	0.2316	0.3451	0.3368	841
Spilborghs, Ryan LF COL 	-	Free Agent	200	22	42	30	8	1	3	22	19	49	2	2	0.2100	0.2825	0.3050	849
Gillespie, Cole LF ARI	-	Free Agent	6	2	2	1	0	0	1	4	1	1	0	0	0.3333	0.4286	0.8333	854
Tosoni, Rene RF MIN	-	Free Agent	172	20	35	22	7	1	5	22	14	42	0	2	0.2035	0.2751	0.3430	856
Richardson, Antoan CF ATL 	-	Free Agent	4	2	2	2	0	0	0	0	0	0	1	0	0.5000	0.5000	0.5000	861
Peguero, Carlos RF SEA 	-	Free Agent	143	14	28	17	3	2	6	19	8	54	0	1	0.1958	0.2516	0.3706	863
Chambers, Adron CF STL	-	Free Agent	8	2	3	2	0	1	0	4	0	1	0	0	0.3750	0.3750	0.6250	872
Boggs, Brandon LF PIT	-	Free Agent	19	4	3	1	0	0	2	2	3	8	1	0	0.1579	0.2727	0.4737	874
Gibbons, Jay LF LAD	-	Free Agent	55	5	14	11	2	0	1	5	5	14	0	0	0.2545	0.3226	0.3455	875
Sappelt, Dave CF CHC 	-	Free Agent	107	14	26	18	8	0	0	5	7	17	1	1	0.2430	0.2895	0.3178	877
Baxter, Mike RF NYM 	-	Free Agent	34	6	8	4	2	1	1	4	5	9	0	0	0.2353	0.3500	0.4412	885
Martinez, Michael 3B PHI	-	Free Agent	209	25	41	31	5	2	3	24	18	35	3	0	0.1962	0.2576	0.2823	894
Montanez, Luis LF PHI 	-	Free Agent	54	6	12	7	4	0	1	9	2	9	0	1	0.2222	0.2632	0.3519	896
Drew, J.D. RF BOS	-	Free Agent	248	23	55	44	6	1	4	22	33	58	0	1	0.2218	0.3147	0.3024	898
Miller, Jai CF BAL 	-	Free Agent	12	2	3	2	0	0	1	2	0	5	0	0	0.2500	0.2500	0.5000	902
Gathright, Joey CF BOS	-	Free Agent	0	1	0	0	0	0	0	0	1	0	1	1	0.0000	1.0000	0.0000	911
Bixler, Brian LF HOU	-	Free Agent	83	9	17	14	1	2	0	2	7	19	4	3	0.2048	0.2667	0.2651	914
Martin, Leonys OF TEX	-	Free Agent	8	2	3	2	1	0	0	0	0	1	0	0	0.3750	0.3750	0.5000	918
Cain, Lorenzo CF KC 	-	Free Agent	22	4	6	5	1	0	0	1	1	4	0	0	0.2727	0.3043	0.3182	923
Martinez, Fernando CF NYM	-	User Abuser	22	3	5	2	2	0	1	2	1	7	0	0	0.2273	0.2609	0.4545	926
Guyer, Brandon RF TB	-	Free Agent	41	7	8	5	1	0	2	3	1	9	0	0	0.1951	0.2143	0.3659	929
Benson, Joe LF MIN	-	Free Agent	71	3	17	10	6	1	0	2	3	21	2	2	0.2394	0.2703	0.3521	931
Garner, Cole RF COL 	-	Free Agent	9	1	2	2	0	0	0	3	1	6	0	0	0.2222	0.3000	0.2222	952
Ramirez, Wilkin LF MIN	-	Free Agent	26	5	6	4	2	0	0	2	4	11	0	2	0.2308	0.3333	0.3077	953
Langerhans, Ryan LF LAA 	-	Free Agent	52	6	9	6	0	0	3	6	11	22	0	1	0.1731	0.3175	0.3462	959
Schafer, Logan CF MIL 	-	Free Agent	3	1	1	1	0	0	0	0	1	1	0	0	0.3333	0.5000	0.3333	961
Golson, Greg CF KC 	-	Free Agent	11	1	2	2	0	0	0	0	1	2	1	0	0.1818	0.2500	0.1818	965
Hermida, Jeremy RF SD 	-	Free Agent	58	5	11	6	2	1	2	9	7	26	0	0	0.1897	0.2879	0.3621	966
Cunningham, Aaron RF CLE 	-	Free Agent	90	12	16	6	6	1	3	9	9	17	1	0	0.1778	0.2574	0.3667	968
Hunter, Cedric CF OAK	-	Free Agent	4	1	1	1	0	0	0	0	1	0	0	1	0.2500	0.4000	0.2500	975
Milledge, Lastings LF CHW 	-	Free Agent	4	1	1	0	1	0	0	0	0	1	0	0	0.2500	0.2500	0.5000	976
Robinson, Trayvon CF SEA	-	Free Agent	143	12	30	16	12	0	2	14	8	61	1	0	0.2098	0.2500	0.3357	982
Loewen, Adam RF TOR	-	Free Agent	32	4	6	4	1	0	1	4	3	13	0	0	0.1875	0.2973	0.3125	983
Pettit, Chris CF LAA	-	Free Agent	0	0	0	0	0	0	0	0	0	0	0	0	0.0000	0.0000	0.0000	1010
Taylor, Michael LF OAK	-	Free Agent	30	4	6	5	0	0	1	1	5	11	0	0	0.2000	0.3143	0.3000	1104
Hudson, Kyle LF BAL	-	Free Agent	28	3	4	4	0	0	0	2	0	6	2	0	0.1429	0.1429	0.1429	1107
Pie, Felix LF CLE 	-	Free Agent	164	15	36	27	8	1	0	7	10	32	3	2	0.2195	0.2644	0.2805	1119
Durango, Luis LF ATL	-	Free Agent	6	0	1	1	0	0	0	1	1	1	0	0	0.1667	0.2857	0.1667	1124
Mather, Joe LF ATL	-	Free Agent	75	4	16	11	4	0	1	9	6	23	0	1	0.2133	0.2716	0.3067	1128
Moore, Jeremy RF LAA	-	Free Agent	8	3	1	1	0	0	0	0	0	2	0	0	0.1250	0.1250	0.1250	1130
Hammock, Robby LF ARI	-	Free Agent	2	0	0	0	0	0	0	0	0	0	0	0	0.0000	0.0000	0.0000	1132
Mastroianni, Darin CF TOR	-	Free Agent	2	0	0	0	0	0	0	0	0	1	0	0	0.0000	0.0000	0.0000	1133
Thames, Marcus LF LAD	-	Free Agent	66	4	13	9	1	1	2	7	4	16	0	0	0.1970	0.2429	0.3333	1134
Tekotte, Blake LF SD	-	Free Agent	34	1	6	4	1	1	0	1	4	21	2	1	0.1765	0.2632	0.2647	1135
Carroll, Brett RF WAS 	-	Free Agent	3	0	0	0	0	0	0	0	0	1	0	0	0.0000	0.0000	0.0000	1150
Brown, Corey RF WAS	-	Free Agent	3	0	0	0	0	0	0	0	0	2	0	0	0.0000	0.0000	0.0000	1151
Rottino, Vinny LF MIA	-	Free Agent	12	1	2	2	0	0	0	0	2	4	0	0	0.1667	0.2857	0.1667	1162
Brown, Andrew RF COL	-	Free Agent	22	1	4	3	1	0	0	3	0	8	0	0	0.1818	0.1818	0.2273	1164
Hoffmann, Jamie LF COL 	-	Free Agent	4	0	0	0	0	0	0	0	0	1	0	0	0.0000	0.0000	0.0000	1166
Snyder, Brad RF HOU	-	Free Agent	9	1	1	1	0	0	0	0	0	6	0	0	0.1111	0.1111	0.1111	1172
Parrino, Andy 3B SD	-	Free Agent	44	3	8	7	1	0	0	4	9	17	1	0	0.1818	0.3273	0.2045	1175
Teahen, Mark 3B TOR	-	Free Agent	160	14	32	24	4	0	4	14	16	45	0	1	0.2000	0.2727	0.3000	1179
Pearce, Steve 1B MIN 	-	Free Agent	94	8	19	16	2	0	1	10	7	21	0	0	0.2021	0.2596	0.2553	1186
Moss, Brandon RF PHI 	-	Free Agent	6	0	0	0	0	0	0	0	0	2	0	0	0.0000	0.0000	0.0000	1194
Head, Jerad RF CLE	-	Free Agent	24	2	3	2	1	0	0	1	0	5	1	0	0.1250	0.1600	0.1667	1196
Robinson, Shane CF STL	-	Free Agent	7	0	0	0	0	0	0	0	1	2	0	0	0.0000	0.1250	0.0000	1204
Reed, Jeremy LF MIL	-	Free Agent	7	0	0	0	0	0	0	0	0	2	0	0	0.0000	0.0000	0.0000	1205
Young, Matt LF ATL	-	Free Agent	48	4	10	9	1	0	0	1	4	6	0	1	0.2083	0.2692	0.2292	1210
Wilson, Mike LF SEA	-	Free Agent	27	0	4	3	1	0	0	3	1	7	0	0	0.1481	0.1786	0.1852	1239
Cousins, Scott CF MIA	-	Free Agent	52	5	7	5	1	0	1	4	6	21	1	1	0.1346	0.2241	0.2115	1250
Almonte, Erick RF MIL	-	Free Agent	29	1	3	2	0	0	1	3	0	4	0	0	0.1034	0.1034	0.2069	1251
Kearns, Austin RF CLE	-	Free Agent	150	18	30	22	5	1	2	7	18	48	0	4	0.2000	0.3023	0.2867	1259
Bowker, John LF PHI	-	Free Agent	30	0	4	3	1	0	0	2	2	11	0	1	0.1333	0.1875	0.1667	1279
Michaels, Jason LF WAS 	-	Free Agent	156	10	31	20	9	0	2	10	11	31	1	0	0.1987	0.2560	0.2949	1285
Amarista, Alexi 2B LAA	-	Free Agent	52	2	8	4	3	1	0	5	2	8	0	0	0.1538	0.1818	0.2500	1298
Amezaga, Alfredo 2B MIA	-	Free Agent	77	6	14	13	1	0	0	4	7	14	0	0	0.1818	0.2471	0.1948	1301
Willits, Reggie LF LAA	-	Free Agent	22	0	1	0	1	0	0	1	4	7	0	0	0.0455	0.1923	0.0909	1302
Saunders, Michael LF SEA	-	Free Agent	161	16	24	17	5	0	2	8	12	56	6	2	0.1491	0.2069	0.2174	1323
Colvin, Tyler LF COL 	-	Free Agent	206	17	31	14	8	3	6	20	14	58	0	0	0.1505	0.2036	0.3058	1376
Rahl, Chris LF ARI	-	Free Agent	0	0	0	0	0	0	0	0	0	0	0	0	0.0000	0.0000	0.0000	1417
Bell, Billy CF BOS	-	Free Agent	0	0	0	0	0	0	0	0	0	0	0	0	0.0000	0.0000	0.0000	1418
Krum, Austin OF NYY	-	Free Agent	0	0	0	0	0	0	0	0	0	0	0	0	0.0000	0.0000	0.0000	1419
Vento, Mike LF WAS	-	Free Agent	0	0	0	0	0	0	0	0	0	0	0	0	0.0000	0.0000	0.0000	1423
Frazier, Alex LF ARI	-	Free Agent	0	0	0	0	0	0	0	0	0	0	0	0	0.0000	0.0000	0.0000	1425
Gorneault, Nick LF LAA	-	Free Agent	0	0	0	0	0	0	0	0	0	0	0	0	0.0000	0.0000	0.0000	1429
Auer, Tyson CF LAA	-	Free Agent	0	0	0	0	0	0	0	0	0	0	0	0	0.0000	0.0000	0.0000	1432
Moss, Steve LF MIL	-	Free Agent	0	0	0	0	0	0	0	0	0	0	0	0	0.0000	0.0000	0.0000	1433
Henry, C.J. LF PHI	-	Free Agent	0	0	0	0	0	0	0	0	0	0	0	0	0.0000	0.0000	0.0000	1443
Nava, Daniel RF BOS	-	Free Agent	0	0	0	0	0	0	0	0	0	0	0	0	0.0000	0.0000	0.0000	1444
Curry, Mike LF TB	-	Free Agent	0	0	0	0	0	0	0	0	0	0	0	0	0.0000	0.0000	0.0000	1447
Whitaker, John LF OAK	-	Free Agent	0	0	0	0	0	0	0	0	0	0	0	0	0.0000	0.0000	0.0000	1452
Yelich, Christian LF MIA	-	Free Agent	0	0	0	0	0	0	0	0	0	0	0	0	0.0000	0.0000	0.0000	1453
James, Jason RF CHC	-	Free Agent	0	0	0	0	0	0	0	0	0	0	0	0	0.0000	0.0000	0.0000	1454
Walter, Randy R. LF SF	-	Free Agent	0	0	0	0	0	0	0	0	0	0	0	0	0.0000	0.0000	0.0000	1456
Calderone, Adam CF TOR	-	Free Agent	0	0	0	0	0	0	0	0	0	0	0	0	0.0000	0.0000	0.0000	1458
Putnam, Danny LF SD	-	Free Agent	0	0	0	0	0	0	0	0	0	0	0	0	0.0000	0.0000	0.0000	1470
Kjeldgaard, Brock OF MIL	-	Free Agent	0	0	0	0	0	0	0	0	0	0	0	0	0.0000	0.0000	0.0000	1474
Keowen, Kade LF BOS	-	Free Agent	0	0	0	0	0	0	0	0	0	0	0	0	0.0000	0.0000	0.0000	1477
Macias, David CF CHC	-	Free Agent	0	0	0	0	0	0	0	0	0	0	0	0	0.0000	0.0000	0.0000	1484
Murphy, Tommy CF KC	-	Free Agent	0	0	0	0	0	0	0	0	0	0	0	0	0.0000	0.0000	0.0000	1486
Bigley, Evan RF MIN	-	Free Agent	0	0	0	0	0	0	0	0	0	0	0	0	0.0000	0.0000	0.0000	1488
Baez, Lizahio LF TEX	-	Free Agent	0	0	0	0	0	0	0	0	0	0	0	0	0.0000	0.0000	0.0000	1499
Cooper, Jason LF CLE	-	Free Agent	0	0	0	0	0	0	0	0	0	0	0	0	0.0000	0.0000	0.0000	1511
McQuade, Anthony LF CHC	-	Free Agent	0	0	0	0	0	0	0	0	0	0	0	0	0.0000	0.0000	0.0000	1520
Shelby, John CF CHW	-	Free Agent	0	0	0	0	0	0	0	0	0	0	0	0	0.0000	0.0000	0.0000	1523
Sherrod, Justin LF BOS	-	Free Agent	0	0	0	0	0	0	0	0	0	0	0	0	0.0000	0.0000	0.0000	1527
Gomez, Alexis LF DET	-	Free Agent	0	0	0	0	0	0	0	0	0	0	0	0	0.0000	0.0000	0.0000	1539
Hazelbaker, Jeremy CF BOS	-	Free Agent	0	0	0	0	0	0	0	0	0	0	0	0	0.0000	0.0000	0.0000	1540
Rodriguez, Yorman CF CIN	-	Free Agent	0	0	0	0	0	0	0	0	0	0	0	0	0.0000	0.0000	0.0000	1545
Gose, Anthony CF TOR	-	Free Agent	0	0	0	0	0	0	0	0	0	0	0	0	0.0000	0.0000	0.0000	1548
Sherlock, Tim RF ARI	-	Free Agent	0	0	0	0	0	0	0	0	0	0	0	0	0.0000	0.0000	0.0000	1559
Clevlen, Brent RF ATL	-	Free Agent	0	0	0	0	0	0	0	0	0	0	0	0	0.0000	0.0000	0.0000	1566
Duncan, Chris LF WAS	-	Free Agent	0	0	0	0	0	0	0	0	0	0	0	0	0.0000	0.0000	0.0000	1580
Owings, Jon LF ATL	-	Free Agent	0	0	0	0	0	0	0	0	0	0	0	0	0.0000	0.0000	0.0000	1582
Freeman, Choo CF LAD	-	Free Agent	0	0	0	0	0	0	0	0	0	0	0	0	0.0000	0.0000	0.0000	1584
Senreiso, Juan LF TEX	-	Free Agent	0	0	0	0	0	0	0	0	0	0	0	0	0.0000	0.0000	0.0000	1587
Sucre, Antonio LF PIT	-	Free Agent	0	0	0	0	0	0	0	0	0	0	0	0	0.0000	0.0000	0.0000	1600
Carter, Sam LF SD	-	Free Agent	0	0	0	0	0	0	0	0	0	0	0	0	0.0000	0.0000	0.0000	1605
Brown, Emil LF NYM	-	Free Agent	0	0	0	0	0	0	0	0	0	0	0	0	0.0000	0.0000	0.0000	1606
Armitage, Jonathan LF SF	-	Free Agent	0	0	0	0	0	0	0	0	0	0	0	0	0.0000	0.0000	0.0000	1614
Knoedler, Jason LF DET	-	Free Agent	0	0	0	0	0	0	0	0	0	0	0	0	0.0000	0.0000	0.0000	1615
Coats, Buck CF WAS	-	Free Agent	0	0	0	0	0	0	0	0	0	0	0	0	0.0000	0.0000	0.0000	1627
Haerther, Cody LF TOR	-	Free Agent	0	0	0	0	0	0	0	0	0	0	0	0	0.0000	0.0000	0.0000	1628
Leandro, Francisco LF TB	-	Free Agent	0	0	0	0	0	0	0	0	0	0	0	0	0.0000	0.0000	0.0000	1648
Wright, Ty LF CHC	-	Free Agent	0	0	0	0	0	0	0	0	0	0	0	0	0.0000	0.0000	0.0000	1664
Sadler, Ray LF HOU	-	Free Agent	0	0	0	0	0	0	0	0	0	0	0	0	0.0000	0.0000	0.0000	1683
Sledge, Terrmel LF SD	-	Free Agent	0	0	0	0	0	0	0	0	0	0	0	0	0.0000	0.0000	0.0000	1684
Maxwell, Justin CF NYY	-	Free Agent	0	0	0	0	0	0	0	0	0	0	0	0	0.0000	0.0000	0.0000	1693
Peter, Kyle CF DET	-	Free Agent	0	0	0	0	0	0	0	0	0	0	0	0	0.0000	0.0000	0.0000	1694
Duran, Carlos LF ATL	-	Free Agent	0	0	0	0	0	0	0	0	0	0	0	0	0.0000	0.0000	0.0000	1701
Drennen, John CF CLE	-	Free Agent	0	0	0	0	0	0	0	0	0	0	0	0	0.0000	0.0000	0.0000	1703
Feliciano, Jesus CF NYM	-	Free Agent	0	0	0	0	0	0	0	0	0	0	0	0	0.0000	0.0000	0.0000	1705
Payton, Jay LF COL	-	Free Agent	0	0	0	0	0	0	0	0	0	0	0	0	0.0000	0.0000	0.0000	1724
Thompson, Kevin RF TEX	-	Free Agent	0	0	0	0	0	0	0	0	0	0	0	0	0.0000	0.0000	0.0000	1730
Craig, Casey LF PHI	-	Free Agent	0	0	0	0	0	0	0	0	0	0	0	0	0.0000	0.0000	0.0000	1731
Alvarez, Rafael LF PIT	-	Free Agent	0	0	0	0	0	0	0	0	0	0	0	0	0.0000	0.0000	0.0000	1736
Reese, Kevin LF NYY	-	Free Agent	0	0	0	0	0	0	0	0	0	0	0	0	0.0000	0.0000	0.0000	1743
Engel, Reid CF BOS	-	Free Agent	0	0	0	0	0	0	0	0	0	0	0	0	0.0000	0.0000	0.0000	1751
Perez, Felix CF CIN	-	Free Agent	0	0	0	0	0	0	0	0	0	0	0	0	0.0000	0.0000	0.0000	1767
Herrera, Elian OF LAD	-	Free Agent	0	0	0	0	0	0	0	0	0	0	0	0	0.0000	0.0000	0.0000	1773
Clarke, Chevy CF LAA	-	Free Agent	0	0	0	0	0	0	0	0	0	0	0	0	0.0000	0.0000	0.0000	1789
Whitrock, Scott LF MIN	-	Free Agent	0	0	0	0	0	0	0	0	0	0	0	0	0.0000	0.0000	0.0000	1792
Stanley, Henri LF LAD	-	Free Agent	0	0	0	0	0	0	0	0	0	0	0	0	0.0000	0.0000	0.0000	1794
Almonte, Zoilo CF NYY	-	Free Agent	0	0	0	0	0	0	0	0	0	0	0	0	0.0000	0.0000	0.0000	1797
French, Anton LF TOR	-	Free Agent	0	0	0	0	0	0	0	0	0	0	0	0	0.0000	0.0000	0.0000	1799
Quintana, Miguel LF PHI	-	Free Agent	0	0	0	0	0	0	0	0	0	0	0	0	0.0000	0.0000	0.0000	1800
Rine, Jarod LF BAL	-	Free Agent	0	0	0	0	0	0	0	0	0	0	0	0	0.0000	0.0000	0.0000	1809
Cumberbatch, Rodri LF CLE	-	Free Agent	0	0	0	0	0	0	0	0	0	0	0	0	0.0000	0.0000	0.0000	1810
Sheely, Matt CF BOS	-	Free Agent	0	0	0	0	0	0	0	0	0	0	0	0	0.0000	0.0000	0.0000	1815
Lane, Jason RF TOR	-	Free Agent	0	0	0	0	0	0	0	0	0	0	0	0	0.0000	0.0000	0.0000	1820
Brown, Matt C. CF CLE	-	Free Agent	0	0	0	0	0	0	0	0	0	0	0	0	0.0000	0.0000	0.0000	1821
Lough, David CF KC	-	Free Agent	0	0	0	0	0	0	0	0	0	0	0	0	0.0000	0.0000	0.0000	1823
Grayson, Larry LF TEX	-	Free Agent	0	0	0	0	0	0	0	0	0	0	0	0	0.0000	0.0000	0.0000	1824
Wheeler, Tim CF COL	-	Free Agent	0	0	0	0	0	0	0	0	0	0	0	0	0.0000	0.0000	0.0000	1828
Hewitt, Anthony LF PHI	-	Free Agent	0	0	0	0	0	0	0	0	0	0	0	0	0.0000	0.0000	0.0000	1831
Chalk, Bradley RF PIT	-	Free Agent	0	0	0	0	0	0	0	0	0	0	0	0	0.0000	0.0000	0.0000	1832
Latimore, Frederick LF PIT	-	Free Agent	0	0	0	0	0	0	0	0	0	0	0	0	0.0000	0.0000	0.0000	1836
Miller, Erik CF MIL	-	Free Agent	0	0	0	0	0	0	0	0	0	0	0	0	0.0000	0.0000	0.0000	1839
Skole, Jake CF TEX	-	Free Agent	0	0	0	0	0	0	0	0	0	0	0	0	0.0000	0.0000	0.0000	1852
Smith, David LF TOR	-	Free Agent	0	0	0	0	0	0	0	0	0	0	0	0	0.0000	0.0000	0.0000	1853
Johnson, Jamie CF DET	-	Free Agent	0	0	0	0	0	0	0	0	0	0	0	0	0.0000	0.0000	0.0000	1856
Dekker, Matt den CF NYM	-	Free Agent	0	0	0	0	0	0	0	0	0	0	0	0	0.0000	0.0000	0.0000	1858
Watson, Brandon LF LAD	-	Free Agent	0	0	0	0	0	0	0	0	0	0	0	0	0.0000	0.0000	0.0000	1859
Waldrop, Kyle LF CIN	-	Free Agent	0	0	0	0	0	0	0	0	0	0	0	0	0.0000	0.0000	0.0000	1862
Mahar, Kevin LF PHI	-	Free Agent	0	0	0	0	0	0	0	0	0	0	0	0	0.0000	0.0000	0.0000	1865
Schmidt, Jesse LF CHC	-	Free Agent	0	0	0	0	0	0	0	0	0	0	0	0	0.0000	0.0000	0.0000	1883
Martin, Dustin LF MIN	-	Free Agent	0	0	0	0	0	0	0	0	0	0	0	0	0.0000	0.0000	0.0000	1888
Slack, Jonathan LF NYM	-	Free Agent	0	0	0	0	0	0	0	0	0	0	0	0	0.0000	0.0000	0.0000	1898
Duffy, Brendan RF ARI	-	Free Agent	0	0	0	0	0	0	0	0	0	0	0	0	0.0000	0.0000	0.0000	1907
Scott, Lorenzo LF NYM	-	Free Agent	0	0	0	0	0	0	0	0	0	0	0	0	0.0000	0.0000	0.0000	1908
Salazar, Oscar LF SD	-	Free Agent	0	0	0	0	0	0	0	0	0	0	0	0	0.0000	0.0000	0.0000	1915
Balentien, Wladimir LF CIN	-	Free Agent	0	0	0	0	0	0	0	0	0	0	0	0	0.0000	0.0000	0.0000	1919
Morales, Sergio LF CHW	-	Free Agent	0	0	0	0	0	0	0	0	0	0	0	0	0.0000	0.0000	0.0000	1922
Monroe, Craig LF PIT	-	Free Agent	0	0	0	0	0	0	0	0	0	0	0	0	0.0000	0.0000	0.0000	1923
McCarthy, Bill LF KC	-	Free Agent	0	0	0	0	0	0	0	0	0	0	0	0	0.0000	0.0000	0.0000	1932
Thompson, Trayce CF CHW	-	Free Agent	0	0	0	0	0	0	0	0	0	0	0	0	0.0000	0.0000	0.0000	1935
Scelfo, Anthony CF TB	-	Free Agent	0	0	0	0	0	0	0	0	0	0	0	0	0.0000	0.0000	0.0000	1937
Jacobs, Gregory LF PHI	-	Free Agent	0	0	0	0	0	0	0	0	0	0	0	0	0.0000	0.0000	0.0000	1942
Collaro, Thomas LF CHW	-	Free Agent	0	0	0	0	0	0	0	0	0	0	0	0	0.0000	0.0000	0.0000	1953
Greenberg, Adam LF LAA	-	Free Agent	0	0	0	0	0	0	0	0	0	0	0	0	0.0000	0.0000	0.0000	1958
Westmoreland, Ryan CF BOS 	-	Free Agent	0	0	0	0	0	0	0	0	0	0	0	0	0.0000	0.0000	0.0000	1959
Perez, Julio LF LAA	-	Free Agent	0	0	0	0	0	0	0	0	0	0	0	0	0.0000	0.0000	0.0000	1962
Burgess, Michael RF CHC	-	Free Agent	0	0	0	0	0	0	0	0	0	0	0	0	0.0000	0.0000	0.0000	1970
Persichina, Joseph LF CHW	-	Free Agent	0	0	0	0	0	0	0	0	0	0	0	0	0.0000	0.0000	0.0000	1977
Beerer, Scott LF COL	-	Free Agent	0	0	0	0	0	0	0	0	0	0	0	0	0.0000	0.0000	0.0000	1986
Ortmeier, Daniel LF COL	-	Free Agent	0	0	0	0	0	0	0	0	0	0	0	0	0.0000	0.0000	0.0000	1988
Danks, Jordan CF CHW	-	Free Agent	0	0	0	0	0	0	0	0	0	0	0	0	0.0000	0.0000	0.0000	1999
Jimerson, Charlton RF MIN	-	Free Agent	0	0	0	0	0	0	0	0	0	0	0	0	0.0000	0.0000	0.0000	2011
Hassan, Alex RF BOS	-	Free Agent	0	0	0	0	0	0	0	0	0	0	0	0	0.0000	0.0000	0.0000	2016
Puello, Cesar RF NYM	-	Free Agent	0	0	0	0	0	0	0	0	0	0	0	0	0.0000	0.0000	0.0000	2019
DaVanon, Jeff CF SD	-	Free Agent	0	0	0	0	0	0	0	0	0	0	0	0	0.0000	0.0000	0.0000	2020
Goleski, Ryan LF CLE	-	Free Agent	0	0	0	0	0	0	0	0	0	0	0	0	0.0000	0.0000	0.0000	2021
Thigpen, Jud LF COL	-	Free Agent	0	0	0	0	0	0	0	0	0	0	0	0	0.0000	0.0000	0.0000	2023
Simmons, James CF SF	-	Free Agent	0	0	0	0	0	0	0	0	0	0	0	0	0.0000	0.0000	0.0000	2026
Noel, Rico CF SD	-	Free Agent	0	0	0	0	0	0	0	0	0	0	0	0	0.0000	0.0000	0.0000	2028
Moran, Javon LF PHI	-	Free Agent	0	0	0	0	0	0	0	0	0	0	0	0	0.0000	0.0000	0.0000	2033
Panther, Nathan LF CLE	-	Free Agent	0	0	0	0	0	0	0	0	0	0	0	0	0.0000	0.0000	0.0000	2041
Daeges, Zach RF BOS	-	Free Agent	0	0	0	0	0	0	0	0	0	0	0	0	0.0000	0.0000	0.0000	2045
Castillo, Wilkin LF COL 	-	Free Agent	0	0	0	0	0	0	0	0	0	0	0	0	0.0000	0.0000	0.0000	2049
Tyner, Jason LF DET	-	Free Agent	0	0	0	0	0	0	0	0	0	0	0	0	0.0000	0.0000	0.0000	2050
Cid, Delvi CF CLE	-	Free Agent	0	0	0	0	0	0	0	0	0	0	0	0	0.0000	0.0000	0.0000	2051
Rockett, Michael RF DET	-	Free Agent	0	0	0	0	0	0	0	0	0	0	0	0	0.0000	0.0000	0.0000	2052
Smith, Sean M. LF CHW	-	Free Agent	0	0	0	0	0	0	0	0	0	0	0	0	0.0000	0.0000	0.0000	2056
Gilbert, Archie CF OAK	-	Free Agent	0	0	0	0	0	0	0	0	0	0	0	0	0.0000	0.0000	0.0000	2058
Harrilchak, Cory OF ATL	-	Free Agent	0	0	0	0	0	0	0	0	0	0	0	0	0.0000	0.0000	0.0000	2077
Tiffee, Terry LF PHI	-	Free Agent	0	0	0	0	0	0	0	0	0	0	0	0	0.0000	0.0000	0.0000	2079
Dubois, Jason LF NYM	-	Free Agent	0	0	0	0	0	0	0	0	0	0	0	0	0.0000	0.0000	0.0000	2081
Norman, Anthony LF LAA	-	Free Agent	0	0	0	0	0	0	0	0	0	0	0	0	0.0000	0.0000	0.0000	2084
Butler, Joey LF TEX	-	Free Agent	0	0	0	0	0	0	0	0	0	0	0	0	0.0000	0.0000	0.0000	2085
Stanley, Steve LF OAK	-	Free Agent	0	0	0	0	0	0	0	0	0	0	0	0	0.0000	0.0000	0.0000	2098
Eldred, Brad RF SF	-	Free Agent	0	0	0	0	0	0	0	0	0	0	0	0	0.0000	0.0000	0.0000	2110
Valdez, Jesus LF WAS	-	Free Agent	0	0	0	0	0	0	0	0	0	0	0	0	0.0000	0.0000	0.0000	2111
Jacobs, Justin RF MIA	-	Free Agent	0	0	0	0	0	0	0	0	0	0	0	0	0.0000	0.0000	0.0000	2112
Webster, Anthony LF PIT	-	Free Agent	0	0	0	0	0	0	0	0	0	0	0	0	0.0000	0.0000	0.0000	2116
Gomez, Yasser LF ATL	-	Free Agent	0	0	0	0	0	0	0	0	0	0	0	0	0.0000	0.0000	0.0000	2118
Garcia, Lino LF COL	-	Free Agent	0	0	0	0	0	0	0	0	0	0	0	0	0.0000	0.0000	0.0000	2122
Raglani, John LF LAD	-	Free Agent	0	0	0	0	0	0	0	0	0	0	0	0	0.0000	0.0000	0.0000	2127
Baines, Harold LF CHW	-	Free Agent	0	0	0	0	0	0	0	0	0	0	0	0	0.0000	0.0000	0.0000	2128
Contreras, Ivan LF TOR	-	Free Agent	0	0	0	0	0	0	0	0	0	0	0	0	0.0000	0.0000	0.0000	2144
Abad, Andy A. LF MIL	-	Free Agent	0	0	0	0	0	0	0	0	0	0	0	0	0.0000	0.0000	0.0000	2149
Miller, Tony CF COL	-	Free Agent	0	0	0	0	0	0	0	0	0	0	0	0	0.0000	0.0000	0.0000	2154
Nelson, Brad LF TEX	-	Free Agent	0	0	0	0	0	0	0	0	0	0	0	0	0.0000	0.0000	0.0000	2159
Milons, Jereme LF ARI	-	Free Agent	0	0	0	0	0	0	0	0	0	0	0	0	0.0000	0.0000	0.0000	2160
Carte, Daniel LF COL	-	Free Agent	0	0	0	0	0	0	0	0	0	0	0	0	0.0000	0.0000	0.0000	2165
Arneson, Justin LF MIN	-	Free Agent	0	0	0	0	0	0	0	0	0	0	0	0	0.0000	0.0000	0.0000	2166
Corsaletti, Jeffrey CF BOS	-	Free Agent	0	0	0	0	0	0	0	0	0	0	0	0	0.0000	0.0000	0.0000	2172
Laster, Jeramy LF DET	-	Free Agent	0	0	0	0	0	0	0	0	0	0	0	0	0.0000	0.0000	0.0000	2185
Sheffield, Gary LF NYM	-	Free Agent	0	0	0	0	0	0	0	0	0	0	0	0	0.0000	0.0000	0.0000	2190
Heid, Trevor LF SEA	-	Free Agent	0	0	0	0	0	0	0	0	0	0	0	0	0.0000	0.0000	0.0000	2191
Ray, Melvin CF LAD	-	Free Agent	0	0	0	0	0	0	0	0	0	0	0	0	0.0000	0.0000	0.0000	2202
Dixon, Rashun LF OAK	-	Free Agent	0	0	0	0	0	0	0	0	0	0	0	0	0.0000	0.0000	0.0000	2208
Dukes, Elijah RF WAS	-	Free Agent	0	0	0	0	0	0	0	0	0	0	0	0	0.0000	0.0000	0.0000	2214
Macias, Drew LF ARI	-	Free Agent	0	0	0	0	0	0	0	0	0	0	0	0	0.0000	0.0000	0.0000	2220
Reed, Eric CF MIA	-	Free Agent	0	0	0	0	0	0	0	0	0	0	0	0	0.0000	0.0000	0.0000	2223
Felmy, Bobby CF SF	-	Free Agent	0	0	0	0	0	0	0	0	0	0	0	0	0.0000	0.0000	0.0000	2227
Webb, Donnie RF CLE	-	Free Agent	0	0	0	0	0	0	0	0	0	0	0	0	0.0000	0.0000	0.0000	2228
Kang, Kyeong RF TB	-	Free Agent	0	0	0	0	0	0	0	0	0	0	0	0	0.0000	0.0000	0.0000	2234
Bolivar, Papo J. LF STL	-	Free Agent	0	0	0	0	0	0	0	0	0	0	0	0	0.0000	0.0000	0.0000	2245
LaMarre, Ryan CF CIN	-	Free Agent	0	0	0	0	0	0	0	0	0	0	0	0	0.0000	0.0000	0.0000	2246
Vettleson, Drew RF TB	-	Free Agent	0	0	0	0	0	0	0	0	0	0	0	0	0.0000	0.0000	0.0000	2254
Howard, Joshua LF SD	-	Free Agent	0	0	0	0	0	0	0	0	0	0	0	0	0.0000	0.0000	0.0000	2262
Stewart, Caleb LF NYM	-	Free Agent	0	0	0	0	0	0	0	0	0	0	0	0	0.0000	0.0000	0.0000	2266
Rike, Brian RF COL	-	Free Agent	0	0	0	0	0	0	0	0	0	0	0	0	0.0000	0.0000	0.0000	2268
Burns, Gregory LF MIA	-	Free Agent	0	0	0	0	0	0	0	0	0	0	0	0	0.0000	0.0000	0.0000	2273
Thomas, Charles LF MIL	-	Free Agent	0	0	0	0	0	0	0	0	0	0	0	0	0.0000	0.0000	0.0000	2281
Short, Brandon LF CHW	-	Free Agent	0	0	0	0	0	0	0	0	0	0	0	0	0.0000	0.0000	0.0000	2304
Balcom, Jasha LF CHC	-	Free Agent	0	0	0	0	0	0	0	0	0	0	0	0	0.0000	0.0000	0.0000	2316
Jones, Kennard LF BAL	-	Free Agent	0	0	0	0	0	0	0	0	0	0	0	0	0.0000	0.0000	0.0000	2317
McBryde, Mike LF SF	-	Free Agent	0	0	0	0	0	0	0	0	0	0	0	0	0.0000	0.0000	0.0000	2319
Lydon, Wayne LF TOR	-	Free Agent	0	0	0	0	0	0	0	0	0	0	0	0	0.0000	0.0000	0.0000	2322
Dykstra, Cutter LF WAS	-	Free Agent	0	0	0	0	0	0	0	0	0	0	0	0	0.0000	0.0000	0.0000	2330
Krauss, Marc LF ARI	-	Free Agent	0	0	0	0	0	0	0	0	0	0	0	0	0.0000	0.0000	0.0000	2342
Romero, Alex RF ATL	-	Free Agent	0	0	0	0	0	0	0	0	0	0	0	0	0.0000	0.0000	0.0000	2344
Marte, Starling CF PIT	-	Free Agent	0	0	0	0	0	0	0	0	0	0	0	0	0.0000	0.0000	0.0000	2346
Komatsu, Erik RF STL 	-	Free Agent	0	0	0	0	0	0	0	0	0	0	0	0	0.0000	0.0000	0.0000	2353
Peguero, Francisco LF SF	-	Free Agent	0	0	0	0	0	0	0	0	0	0	0	0	0.0000	0.0000	0.0000	2361
Evans, Terry LF SF	-	Free Agent	0	0	0	0	0	0	0	0	0	0	0	0	0.0000	0.0000	0.0000	2368
Sullivan, Cory CF LAD 	-	Free Agent	0	0	0	0	0	0	0	0	0	0	0	0	0.0000	0.0000	0.0000	2372
Nielsen, Eric RF TOR	-	Free Agent	0	0	0	0	0	0	0	0	0	0	0	0	0.0000	0.0000	0.0000	2384
Womack, Josh LF SEA	-	Free Agent	0	0	0	0	0	0	0	0	0	0	0	0	0.0000	0.0000	0.0000	2385
Cumberland, Shaun LF CIN	-	Free Agent	0	0	0	0	0	0	0	0	0	0	0	0	0.0000	0.0000	0.0000	2386
Simon, Keanon LF PIT	-	Free Agent	0	0	0	0	0	0	0	0	0	0	0	0	0.0000	0.0000	0.0000	2387
Perez, Timo LF PHI	-	Free Agent	0	0	0	0	0	0	0	0	0	0	0	0	0.0000	0.0000	0.0000	2388
Mota, Willie LF BOS	-	Free Agent	0	0	0	0	0	0	0	0	0	0	0	0	0.0000	0.0000	0.0000	2389
Meath, Matt LF PIT	-	Free Agent	0	0	0	0	0	0	0	0	0	0	0	0	0.0000	0.0000	0.0000	2395
Desme, Grant LF OAK	-	Free Agent	0	0	0	0	0	0	0	0	0	0	0	0	0.0000	0.0000	0.0000	2402
Peel, Aaron LF LAA	-	Free Agent	0	0	0	0	0	0	0	0	0	0	0	0	0.0000	0.0000	0.0000	2411
Aguila, Chris LF MIA	-	Free Agent	0	0	0	0	0	0	0	0	0	0	0	0	0.0000	0.0000	0.0000	2412
Ford, Lew LF CIN	-	Free Agent	0	0	0	0	0	0	0	0	0	0	0	0	0.0000	0.0000	0.0000	2416
Paisano, David CF TEX	-	Free Agent	0	0	0	0	0	0	0	0	0	0	0	0	0.0000	0.0000	0.0000	2424
Frey, Evan RF ARI	-	Free Agent	0	0	0	0	0	0	0	0	0	0	0	0	0.0000	0.0000	0.0000	2427
Crozier, Eric LF BAL	-	Free Agent	0	0	0	0	0	0	0	0	0	0	0	0	0.0000	0.0000	0.0000	2429
Owens, Jerry CF WAS	-	Free Agent	0	0	0	0	0	0	0	0	0	0	0	0	0.0000	0.0000	0.0000	2433
Hissey, Peter CF BOS	-	Free Agent	0	0	0	0	0	0	0	0	0	0	0	0	0.0000	0.0000	0.0000	2434
Grossman, Robert CF PIT	-	Free Agent	0	0	0	0	0	0	0	0	0	0	0	0	0.0000	0.0000	0.0000	2435
Johnson, Toddric RF OAK	-	Free Agent	0	0	0	0	0	0	0	0	0	0	0	0	0.0000	0.0000	0.0000	2447
Correll, Brad LF PIT	-	Free Agent	0	0	0	0	0	0	0	0	0	0	0	0	0.0000	0.0000	0.0000	2457
Justice, Justin CF DET	-	Free Agent	0	0	0	0	0	0	0	0	0	0	0	0	0.0000	0.0000	0.0000	2461
Bourassa, Adam LF SD	-	Free Agent	0	0	0	0	0	0	0	0	0	0	0	0	0.0000	0.0000	0.0000	2462
Espinosa, David L. LF DET	-	Free Agent	0	0	0	0	0	0	0	0	0	0	0	0	0.0000	0.0000	0.0000	2466
Valdez, Jose CF CHC	-	Free Agent	0	0	0	0	0	0	0	0	0	0	0	0	0.0000	0.0000	0.0000	2468
Lockwood, Mike LF BOS	-	Free Agent	0	0	0	0	0	0	0	0	0	0	0	0	0.0000	0.0000	0.0000	2479
Kalish, Ryan CF BOS 	-	Free Agent	0	0	0	0	0	0	0	0	0	0	0	0	0.0000	0.0000	0.0000	2481
Mesa, Eliezer CF COL	-	Free Agent	0	0	0	0	0	0	0	0	0	0	0	0	0.0000	0.0000	0.0000	2483
Ball, Jarred LF ARI	-	Free Agent	0	0	0	0	0	0	0	0	0	0	0	0	0.0000	0.0000	0.0000	2484
McElroy, Bradley CF TOR	-	Free Agent	0	0	0	0	0	0	0	0	0	0	0	0	0.0000	0.0000	0.0000	2486
Vaughn, Cory RF NYM	-	Free Agent	0	0	0	0	0	0	0	0	0	0	0	0	0.0000	0.0000	0.0000	2487
Jones, James RF SEA	-	Free Agent	0	0	0	0	0	0	0	0	0	0	0	0	0.0000	0.0000	0.0000	2491
Gross, Gabe RF SEA	-	Free Agent	0	0	0	0	0	0	0	0	0	0	0	0	0.0000	0.0000	0.0000	2494
Sansoe, Mike LF SD	-	Free Agent	0	0	0	0	0	0	0	0	0	0	0	0	0.0000	0.0000	0.0000	2496
Duncan, Jeff LF TOR	-	Free Agent	0	0	0	0	0	0	0	0	0	0	0	0	0.0000	0.0000	0.0000	2499
Aldridge, Cory RF LAA	-	Free Agent	0	0	0	0	0	0	0	0	0	0	0	0	0.0000	0.0000	0.0000	2500
Ware, Leonardo CF ATL	-	Free Agent	0	0	0	0	0	0	0	0	0	0	0	0	0.0000	0.0000	0.0000	2503
Soto, Luis A. LF BOS	-	Free Agent	0	0	0	0	0	0	0	0	0	0	0	0	0.0000	0.0000	0.0000	2509
Brown, Gary CF SF	-	Free Agent	0	0	0	0	0	0	0	0	0	0	0	0	0.0000	0.0000	0.0000	2519
Padgett, Matt LF CHC	-	Free Agent	0	0	0	0	0	0	0	0	0	0	0	0	0.0000	0.0000	0.0000	2522
Salas, Luis LF DET	-	Free Agent	0	0	0	0	0	0	0	0	0	0	0	0	0.0000	0.0000	0.0000	2525
Stavinoha, Nick LF HOU	-	Free Agent	0	0	0	0	0	0	0	0	0	0	0	0	0.0000	0.0000	0.0000	2526
Miller, Matt LF PHI	-	Free Agent	0	0	0	0	0	0	0	0	0	0	0	0	0.0000	0.0000	0.0000	2527
Baker, Garret LF SF	-	Free Agent	0	0	0	0	0	0	0	0	0	0	0	0	0.0000	0.0000	0.0000	2529
Frazier, Jeff LF WAS	-	Free Agent	0	0	0	0	0	0	0	0	0	0	0	0	0.0000	0.0000	0.0000	2531
Blue, Vincent LF DET	-	Free Agent	0	0	0	0	0	0	0	0	0	0	0	0	0.0000	0.0000	0.0000	2532
Morales, Angel CF MIN	-	Free Agent	0	0	0	0	0	0	0	0	0	0	0	0	0.0000	0.0000	0.0000	2536
Smith, Coby CF LAA	-	Free Agent	0	0	0	0	0	0	0	0	0	0	0	0	0.0000	0.0000	0.0000	2537
Hill, Jamar LF NYM	-	Free Agent	0	0	0	0	0	0	0	0	0	0	0	0	0.0000	0.0000	0.0000	2538
Pollock, A.J. CF ARI	-	Free Agent	0	0	0	0	0	0	0	0	0	0	0	0	0.0000	0.0000	0.0000	2543
Guillen, Jose RF SF	-	Free Agent	0	0	0	0	0	0	0	0	0	0	0	0	0.0000	0.0000	0.0000	2544
Lewis, Ozzie LF CHW	-	Free Agent	0	0	0	0	0	0	0	0	0	0	0	0	0.0000	0.0000	0.0000	2560
Redman, Prentice LF LAD	-	Free Agent	0	0	0	0	0	0	0	0	0	0	0	0	0.0000	0.0000	0.0000	2562
Goebbert, Jacob LF HOU	-	Free Agent	0	0	0	0	0	0	0	0	0	0	0	0	0.0000	0.0000	0.0000	2563
Van Slyke, Scott RF LAD	-	Free Agent	0	0	0	0	0	0	0	0	0	0	0	0	0.0000	0.0000	0.0000	2565
Logan, Nook CF LAD	-	Free Agent	0	0	0	0	0	0	0	0	0	0	0	0	0.0000	0.0000	0.0000	2569
Ha, Jae-Hoon RF CHC	-	Free Agent	0	0	0	0	0	0	0	0	0	0	0	0	0.0000	0.0000	0.0000	2579
Orlando, Paulo CF KC	-	Free Agent	0	0	0	0	0	0	0	0	0	0	0	0	0.0000	0.0000	0.0000	2589
Guzman, Garrett LF WAS	-	Free Agent	0	0	0	0	0	0	0	0	0	0	0	0	0.0000	0.0000	0.0000	2593
Sardinha, Bronson LF COL	-	Free Agent	0	0	0	0	0	0	0	0	0	0	0	0	0.0000	0.0000	0.0000	2610
Horwitz, Brian LF CLE	-	Free Agent	0	0	0	0	0	0	0	0	0	0	0	0	0.0000	0.0000	0.0000	2612
Sale, Josh RF TB	-	Free Agent	0	0	0	0	0	0	0	0	0	0	0	0	0.0000	0.0000	0.0000	2616
Haynes, Dee LF STL	-	Free Agent	0	0	0	0	0	0	0	0	0	0	0	0	0.0000	0.0000	0.0000	2648
Brentz, Bryce LF BOS	-	Free Agent	0	0	0	0	0	0	0	0	0	0	0	0	0.0000	0.0000	0.0000	2649
Pedroza, Sergio LF TB	-	Free Agent	0	0	0	0	0	0	0	0	0	0	0	0	0.0000	0.0000	0.0000	2650
Griffin, John-Ford LF CHC	-	Free Agent	0	0	0	0	0	0	0	0	0	0	0	0	0.0000	0.0000	0.0000	2655
Almonte, Abraham OF NYY	-	Free Agent	0	0	0	0	0	0	0	0	0	0	0	0	0.0000	0.0000	0.0000	2659
Graham, Tyler LF SF	-	Free Agent	0	0	0	0	0	0	0	0	0	0	0	0	0.0000	0.0000	0.0000	2664
Mitchell, Michael LF COL	-	Free Agent	0	0	0	0	0	0	0	0	0	0	0	0	0.0000	0.0000	0.0000	2666
Guillen, Rodolfo LF NYY	-	Free Agent	0	0	0	0	0	0	0	0	0	0	0	0	0.0000	0.0000	0.0000	2674
Blanco, Gregor LF KC	-	Free Agent	0	0	0	0	0	0	0	0	0	0	0	0	0.0000	0.0000	0.0000	2677
Wilson, Kenneth CF TOR	-	Free Agent	0	0	0	0	0	0	0	0	0	0	0	0	0.0000	0.0000	0.0000	2687
Starling, Bubba OF KC	-	Free Agent	0	0	0	0	0	0	0	0	0	0	0	0	0.0000	0.0000	0.0000	2692
Diaz, Frank LF WAS	-	Free Agent	0	0	0	0	0	0	0	0	0	0	0	0	0.0000	0.0000	0.0000	2696
Godwin, Tyrell LF CIN	-	Free Agent	0	0	0	0	0	0	0	0	0	0	0	0	0.0000	0.0000	0.0000	2697
Wilson, Craig A. RF SEA	-	Free Agent	0	0	0	0	0	0	0	0	0	0	0	0	0.0000	0.0000	0.0000	2702
Young, Delwyn RF PHI	-	Free Agent	0	0	0	0	0	0	0	0	0	0	0	0	0.0000	0.0000	0.0000	2703
Barfield, Jeremy RF OAK	-	Free Agent	0	0	0	0	0	0	0	0	0	0	0	0	0.0000	0.0000	0.0000	2713
Royster, Ryan LF TB	-	Free Agent	0	0	0	0	0	0	0	0	0	0	0	0	0.0000	0.0000	0.0000	2727
Sosa, Carlos LF SF	-	Free Agent	0	0	0	0	0	0	0	0	0	0	0	0	0.0000	0.0000	0.0000	2730
Hefflinger, Robert RF ATL	-	Free Agent	0	0	0	0	0	0	0	0	0	0	0	0	0.0000	0.0000	0.0000	2732
Robnett, Richie LF CHC	-	Free Agent	0	0	0	0	0	0	0	0	0	0	0	0	0.0000	0.0000	0.0000	2736
Garcia, Luis A. LF NYY	-	Free Agent	0	0	0	0	0	0	0	0	0	0	0	0	0.0000	0.0000	0.0000	2742
Boeve, Adam LF PIT	-	Free Agent	0	0	0	0	0	0	0	0	0	0	0	0	0.0000	0.0000	0.0000	2744
Harper, Bryce RF WAS 	-	Orange-a-Tangs	0	0	0	0	0	0	0	0	0	0	0	0	0.0000	0.0000	0.0000	2751
Kiniry, Rian CF LAA	-	Free Agent	0	0	0	0	0	0	0	0	0	0	0	0	0.0000	0.0000	0.0000	2756
Wyatt, Jonathan CF CHC	-	Free Agent	0	0	0	0	0	0	0	0	0	0	0	0	0.0000	0.0000	0.0000	2757
Rundle, Andrew LF CHC	-	Free Agent	0	0	0	0	0	0	0	0	0	0	0	0	0.0000	0.0000	0.0000	2763
Crawford, Evan CF CHC	-	Free Agent	0	0	0	0	0	0	0	0	0	0	0	0	0.0000	0.0000	0.0000	2764
Mannon, Adam LF MIL	-	Free Agent	0	0	0	0	0	0	0	0	0	0	0	0	0.0000	0.0000	0.0000	2776
Nelson, John LF ATL	-	Free Agent	0	0	0	0	0	0	0	0	0	0	0	0	0.0000	0.0000	0.0000	2782
Stern, Adam CF MIL	-	Free Agent	0	0	0	0	0	0	0	0	0	0	0	0	0.0000	0.0000	0.0000	2786
Cazana, Amaury RF STL	-	Free Agent	0	0	0	0	0	0	0	0	0	0	0	0	0.0000	0.0000	0.0000	2788
Rodriguez, Mike LF HOU	-	Free Agent	0	0	0	0	0	0	0	0	0	0	0	0	0.0000	0.0000	0.0000	2793
Flowers, Bo LF CHC	-	Free Agent	0	0	0	0	0	0	0	0	0	0	0	0	0.0000	0.0000	0.0000	2798
Vitek, Kolbrin CF BOS 	-	Free Agent	0	0	0	0	0	0	0	0	0	0	0	0	0.0000	0.0000	0.0000	2809
Hopper, Norris LF MIL	-	Free Agent	0	0	0	0	0	0	0	0	0	0	0	0	0.0000	0.0000	0.0000	2811
Weglarz, Nick RF CLE	-	Free Agent	0	0	0	0	0	0	0	0	0	0	0	0	0.0000	0.0000	0.0000	2812
Taveras, Oscar CF STL	-	Free Agent	0	0	0	0	0	0	0	0	0	0	0	0	0.0000	0.0000	0.0000	2813
Robinson, Derrick LF KC	-	Free Agent	0	0	0	0	0	0	0	0	0	0	0	0	0.0000	0.0000	0.0000	2814
Kingsbury, Bobby LF PIT	-	Free Agent	0	0	0	0	0	0	0	0	0	0	0	0	0.0000	0.0000	0.0000	2817
Johnson, Ben J. LF DET	-	Free Agent	0	0	0	0	0	0	0	0	0	0	0	0	0.0000	0.0000	0.0000	2818
Czarniecki, Jordan LF COL	-	Free Agent	0	0	0	0	0	0	0	0	0	0	0	0	0.0000	0.0000	0.0000	2821
Clifford, Peter LF ARI	-	Free Agent	0	0	0	0	0	0	0	0	0	0	0	0	0.0000	0.0000	0.0000	2823
Ramirez, Yordany CF HOU	-	Free Agent	0	0	0	0	0	0	0	0	0	0	0	0	0.0000	0.0000	0.0000	2824
Dorn, Danny LF CIN	-	Free Agent	0	0	0	0	0	0	0	0	0	0	0	0	0.0000	0.0000	0.0000	2832
Blalock, Jake LF PHI	-	Free Agent	0	0	0	0	0	0	0	0	0	0	0	0	0.0000	0.0000	0.0000	2839
Ceciliani, Darrell CF NYM	-	Free Agent	0	0	0	0	0	0	0	0	0	0	0	0	0.0000	0.0000	0.0000	2841
Abercrombie, Reggie LF HOU	-	Free Agent	0	0	0	0	0	0	0	0	0	0	0	0	0.0000	0.0000	0.0000	2850
Thomas, Clete RF DET	-	Free Agent	0	0	0	0	0	0	0	0	0	0	0	0	0.0000	0.0000	0.0000	2856
Green, Grant CF OAK	-	Sofa Kings	0	0	0	0	0	0	0	0	0	0	0	0	0.0000	0.0000	0.0000	2860
Johnson, Cody LF ATL	-	Free Agent	0	0	0	0	0	0	0	0	0	0	0	0	0.0000	0.0000	0.0000	2870
Hollins, Damon RF KC	-	Free Agent	0	0	0	0	0	0	0	0	0	0	0	0	0.0000	0.0000	0.0000	2874
Reed, Keith LF BAL	-	Free Agent	0	0	0	0	0	0	0	0	0	0	0	0	0.0000	0.0000	0.0000	2881
Tingler, Jayce LF TEX	-	Free Agent	0	0	0	0	0	0	0	0	0	0	0	0	0.0000	0.0000	0.0000	2884
Boone, James LF PIT	-	Free Agent	0	0	0	0	0	0	0	0	0	0	0	0	0.0000	0.0000	0.0000	2886
Sugden, Jason LF LAA	-	Free Agent	0	0	0	0	0	0	0	0	0	0	0	0	0.0000	0.0000	0.0000	2887
Bohn, T.J. RF PHI	-	Free Agent	0	0	0	0	0	0	0	0	0	0	0	0	0.0000	0.0000	0.0000	2892
Payne, Daniel CF SD	-	Free Agent	0	0	0	0	0	0	0	0	0	0	0	0	0.0000	0.0000	0.0000	2897
Mehl, Truan LF TEX	-	Free Agent	0	0	0	0	0	0	0	0	0	0	0	0	0.0000	0.0000	0.0000	2898
Gonzalez, Edwar LF NYY	-	Free Agent	0	0	0	0	0	0	0	0	0	0	0	0	0.0000	0.0000	0.0000	2899
Reyes, Raul LF NYM	-	Free Agent	0	0	0	0	0	0	0	0	0	0	0	0	0.0000	0.0000	0.0000	2902
Boucher, Sebastien LF PHI	-	Free Agent	0	0	0	0	0	0	0	0	0	0	0	0	0.0000	0.0000	0.0000	2903
Heathcott, Slade CF NYY	-	Free Agent	0	0	0	0	0	0	0	0	0	0	0	0	0.0000	0.0000	0.0000	2908
Burke, Kyler RF CHC	-	Free Agent	0	0	0	0	0	0	0	0	0	0	0	0	0.0000	0.0000	0.0000	2911
Bacon, Dwaine LF CHC	-	Free Agent	0	0	0	0	0	0	0	0	0	0	0	0	0.0000	0.0000	0.0000	2913
Henry, Jordan CF CLE	-	Free Agent	0	0	0	0	0	0	0	0	0	0	0	0	0.0000	0.0000	0.0000	2918
Linden, Todd RF NYY	-	Free Agent	0	0	0	0	0	0	0	0	0	0	0	0	0.0000	0.0000	0.0000	2924
Cortes, Jorge LF PIT	-	Free Agent	0	0	0	0	0	0	0	0	0	0	0	0	0.0000	0.0000	0.0000	2925
Gomes, Anderson LF CHW	-	Free Agent	0	0	0	0	0	0	0	0	0	0	0	0	0.0000	0.0000	0.0000	2929
Duran, Juan LF CIN	-	Free Agent	0	0	0	0	0	0	0	0	0	0	0	0	0.0000	0.0000	0.0000	2930
Davis, Khristopher LF MIL	-	Free Agent	0	0	0	0	0	0	0	0	0	0	0	0	0.0000	0.0000	0.0000	2934
Stocker, Mel R. LF MIL	-	Free Agent	0	0	0	0	0	0	0	0	0	0	0	0	0.0000	0.0000	0.0000	2935
Hoes, Jerome OF BAL	-	Free Agent	0	0	0	0	0	0	0	0	0	0	0	0	0.0000	0.0000	0.0000	2936
Pimentel, Guillermo RF SEA	-	Free Agent	0	0	0	0	0	0	0	0	0	0	0	0	0.0000	0.0000	0.0000	2942
Dening, Mitchell LF BOS	-	Free Agent	0	0	0	0	0	0	0	0	0	0	0	0	0.0000	0.0000	0.0000	2946
Parraz, Jordan CF ATL	-	Free Agent	0	0	0	0	0	0	0	0	0	0	0	0	0.0000	0.0000	0.0000	2947
Greenwell, Bo LF CLE	-	Free Agent	0	0	0	0	0	0	0	0	0	0	0	0	0.0000	0.0000	0.0000	2951
Broxton, Keon CF ARI	-	Free Agent	0	0	0	0	0	0	0	0	0	0	0	0	0.0000	0.0000	0.0000	2959
Sanchez, Salvador LF CHW	-	Free Agent	0	0	0	0	0	0	0	0	0	0	0	0	0.0000	0.0000	0.0000	2960
Sanchez, Felix CF BOS	-	Free Agent	0	0	0	0	0	0	0	0	0	0	0	0	0.0000	0.0000	0.0000	2962
Steele, T.J. CF HOU	-	Free Agent	0	0	0	0	0	0	0	0	0	0	0	0	0.0000	0.0000	0.0000	2964
Taveras, Willy CF COL	-	Free Agent	0	0	0	0	0	0	0	0	0	0	0	0	0.0000	0.0000	0.0000	2968
Rosario, Anderson LF LAA	-	Free Agent	0	0	0	0	0	0	0	0	0	0	0	0	0.0000	0.0000	0.0000	2970
Walker, Chris CF PHI	-	Free Agent	0	0	0	0	0	0	0	0	0	0	0	0	0.0000	0.0000	0.0000	2977
Defendis, John LF CHC	-	Free Agent	0	0	0	0	0	0	0	0	0	0	0	0	0.0000	0.0000	0.0000	2982
Kruml, Raymond LF NYY	-	Free Agent	0	0	0	0	0	0	0	0	0	0	0	0	0.0000	0.0000	0.0000	2983
Murton, Matt LF COL	-	Free Agent	0	0	0	0	0	0	0	0	0	0	0	0	0.0000	0.0000	0.0000	2988
Nivar, Ramon LF LAD	-	Free Agent	0	0	0	0	0	0	0	0	0	0	0	0	0.0000	0.0000	0.0000	2992
Carter, Chris LF TB	-	Free Agent	0	0	0	0	0	0	0	0	0	0	0	0	0.0000	0.0000	0.0000	2999
Cashman, Brandon LF TEX	-	Free Agent	0	0	0	0	0	0	0	0	0	0	0	0	0.0000	0.0000	0.0000	3004
Groce, Edward CF TB	-	Free Agent	0	0	0	0	0	0	0	0	0	0	0	0	0.0000	0.0000	0.0000	3005
Dejesus, Antonio OF STL	-	Free Agent	0	0	0	0	0	0	0	0	0	0	0	0	0.0000	0.0000	0.0000	3009
Hall, James LF TB	-	Free Agent	0	0	0	0	0	0	0	0	0	0	0	0	0.0000	0.0000	0.0000	3026
Bermudez, Ronald LF BOS	-	Free Agent	0	0	0	0	0	0	0	0	0	0	0	0	0.0000	0.0000	0.0000	3030
Kieschnick, Roger LF SF	-	Free Agent	0	0	0	0	0	0	0	0	0	0	0	0	0.0000	0.0000	0.0000	3031
Frey, Chris CF PHI	-	Free Agent	0	0	0	0	0	0	0	0	0	0	0	0	0.0000	0.0000	0.0000	3066
Fleming, Ryan LF PHI	-	Free Agent	0	0	0	0	0	0	0	0	0	0	0	0	0.0000	0.0000	0.0000	3067
Arroyo, Xavier LF MIA	-	Free Agent	0	0	0	0	0	0	0	0	0	0	0	0	0.0000	0.0000	0.0000	3079
Ryan, Michael RF LAA	-	Free Agent	0	0	0	0	0	0	0	0	0	0	0	0	0.0000	0.0000	0.0000	3091
Shanks, James LF MIA	-	Free Agent	0	0	0	0	0	0	0	0	0	0	0	0	0.0000	0.0000	0.0000	3092
Goncalves, Jonathan OF MIN	-	Free Agent	0	0	0	0	0	0	0	0	0	0	0	0	0.0000	0.0000	0.0000	3101
Fuller, Cody LF LAA	-	Free Agent	0	0	0	0	0	0	0	0	0	0	0	0	0.0000	0.0000	0.0000	3105
Pinkney, Alton LF BOS	-	Free Agent	0	0	0	0	0	0	0	0	0	0	0	0	0.0000	0.0000	0.0000	3107
Rapoport, James RF STL	-	Free Agent	0	0	0	0	0	0	0	0	0	0	0	0	0.0000	0.0000	0.0000	3108
Porter, Greg LF NYY	-	Free Agent	0	0	0	0	0	0	0	0	0	0	0	0	0.0000	0.0000	0.0000	3110
Sanchez, Juan LF MIL	-	Free Agent	0	0	0	0	0	0	0	0	0	0	0	0	0.0000	0.0000	0.0000	3115
Vroman, Douglas LF WAS	-	Free Agent	0	0	0	0	0	0	0	0	0	0	0	0	0.0000	0.0000	0.0000	3119
Cooper, James CF NYY	-	Free Agent	0	0	0	0	0	0	0	0	0	0	0	0	0.0000	0.0000	0.0000	3121
Mesa, Melky LF NYY	-	Free Agent	0	0	0	0	0	0	0	0	0	0	0	0	0.0000	0.0000	0.0000	3125
Biell, Dustin CF TB	-	Free Agent	0	0	0	0	0	0	0	0	0	0	0	0	0.0000	0.0000	0.0000	3144
Fairley, Wendell CF SF	-	Free Agent	0	0	0	0	0	0	0	0	0	0	0	0	0.0000	0.0000	0.0000	3145
Pacheco, Jonel LF PIT	-	Free Agent	0	0	0	0	0	0	0	0	0	0	0	0	0.0000	0.0000	0.0000	3159
Self, Todd D. LF HOU	-	Free Agent	0	0	0	0	0	0	0	0	0	0	0	0	0.0000	0.0000	0.0000	3163
Long, Matt RF LAA	-	Free Agent	0	0	0	0	0	0	0	0	0	0	0	0	0.0000	0.0000	0.0000	3166
Eldridge, Rashad CF TB	-	Free Agent	0	0	0	0	0	0	0	0	0	0	0	0	0.0000	0.0000	0.0000	3169
Luna, Aaron LF STL	-	Free Agent	0	0	0	0	0	0	0	0	0	0	0	0	0.0000	0.0000	0.0000	3171
Joseph, Alfred LF CHC	-	Free Agent	0	0	0	0	0	0	0	0	0	0	0	0	0.0000	0.0000	0.0000	3175
Pham, Thomas CF STL	-	Free Agent	0	0	0	0	0	0	0	0	0	0	0	0	0.0000	0.0000	0.0000	3177
Concepcion, Ambiorix LF NYM	-	Free Agent	0	0	0	0	0	0	0	0	0	0	0	0	0.0000	0.0000	0.0000	3180
Hoying, Jared LF TEX	-	Free Agent	0	0	0	0	0	0	0	0	0	0	0	0	0.0000	0.0000	0.0000	3184
Dolenc, Mark LF MIN	-	Free Agent	0	0	0	0	0	0	0	0	0	0	0	0	0.0000	0.0000	0.0000	3185
Place, Jason CF BOS	-	Free Agent	0	0	0	0	0	0	0	0	0	0	0	0	0.0000	0.0000	0.0000	3186
Montero, Lucas LF CLE	-	Free Agent	0	0	0	0	0	0	0	0	0	0	0	0	0.0000	0.0000	0.0000	3188
Restovich, Michael RF LAD	-	Free Agent	0	0	0	0	0	0	0	0	0	0	0	0	0.0000	0.0000	0.0000	3190
Dickerson, Joseph RF KC	-	Free Agent	0	0	0	0	0	0	0	0	0	0	0	0	0.0000	0.0000	0.0000	3194
Rabe, Josh LF MIN	-	Free Agent	0	0	0	0	0	0	0	0	0	0	0	0	0.0000	0.0000	0.0000	3201
Adduci, Jim LF CHC	-	Free Agent	0	0	0	0	0	0	0	0	0	0	0	0	0.0000	0.0000	0.0000	3207
Battle, Timothy LF NYY	-	Free Agent	0	0	0	0	0	0	0	0	0	0	0	0	0.0000	0.0000	0.0000	3216
Jackson, Nicolas CF NYM	-	Free Agent	0	0	0	0	0	0	0	0	0	0	0	0	0.0000	0.0000	0.0000	3220
Fiorentino, Jeff CF ATL	-	Free Agent	0	0	0	0	0	0	0	0	0	0	0	0	0.0000	0.0000	0.0000	3221
Catalanotto, Frank LF NYM	-	Free Agent	0	0	0	0	0	0	0	0	0	0	0	0	0.0000	0.0000	0.0000	3235
Anderson, Drew T. LF MIL	-	Free Agent	0	0	0	0	0	0	0	0	0	0	0	0	0.0000	0.0000	0.0000	3243
West, Kevin LF CIN	-	Free Agent	0	0	0	0	0	0	0	0	0	0	0	0	0.0000	0.0000	0.0000	3244
Smith, Blake RF LAD	-	Free Agent	0	0	0	0	0	0	0	0	0	0	0	0	0.0000	0.0000	0.0000	3248
Eibner, Brett RF KC	-	Free Agent	0	0	0	0	0	0	0	0	0	0	0	0	0.0000	0.0000	0.0000	3257
Bibbs, Kennard LF MIL	-	Free Agent	0	0	0	0	0	0	0	0	0	0	0	0	0.0000	0.0000	0.0000	3260
Minges, Tyler LF BOS	-	Free Agent	0	0	0	0	0	0	0	0	0	0	0	0	0.0000	0.0000	0.0000	3262
Cavazos-Galvez, Brian LF LAD	-	Free Agent	0	0	0	0	0	0	0	0	0	0	0	0	0.0000	0.0000	0.0000	3267
Mench, Kevin LF WAS	-	Free Agent	0	0	0	0	0	0	0	0	0	0	0	0	0.0000	0.0000	0.0000	3270
Szczur, Matt CF CHC	-	Free Agent	0	0	0	0	0	0	0	0	0	0	0	0	0.0000	0.0000	0.0000	3273
Church, Ryan RF ARI	-	Free Agent	0	0	0	0	0	0	0	0	0	0	0	0	0.0000	0.0000	0.0000	3280
Grichuk, Randal LF LAA	-	Free Agent	0	0	0	0	0	0	0	0	0	0	0	0	0.0000	0.0000	0.0000	3281
Grove, Jason LF MIN	-	Free Agent	0	0	0	0	0	0	0	0	0	0	0	0	0.0000	0.0000	0.0000	3282
Calhoun, Kole RF LAA	-	Free Agent	0	0	0	0	0	0	0	0	0	0	0	0	0.0000	0.0000	0.0000	3295
Raynor, John RF MIA	-	Free Agent	0	0	0	0	0	0	0	0	0	0	0	0	0.0000	0.0000	0.0000	3299
Klemm, Christopher LF PHI	-	Free Agent	0	0	0	0	0	0	0	0	0	0	0	0	0.0000	0.0000	0.0000	3300
Pederson, Joc LF LAD	-	Free Agent	0	0	0	0	0	0	0	0	0	0	0	0	0.0000	0.0000	0.0000	3301
Quinones, Carlos LF CHC	-	Free Agent	0	0	0	0	0	0	0	0	0	0	0	0	0.0000	0.0000	0.0000	3305
Taguchi, So LF CHC	-	Free Agent	0	0	0	0	0	0	0	0	0	0	0	0	0.0000	0.0000	0.0000	3312
Coon, Brad CF LAD	-	Free Agent	0	0	0	0	0	0	0	0	0	0	0	0	0.0000	0.0000	0.0000	3313
Escobar, Alex CF COL	-	Free Agent	0	0	0	0	0	0	0	0	0	0	0	0	0.0000	0.0000	0.0000	3315
Giles, Thomas RF LAD	-	Free Agent	0	0	0	0	0	0	0	0	0	0	0	0	0.0000	0.0000	0.0000	3318
Dore, Jose RF SD	-	Free Agent	0	0	0	0	0	0	0	0	0	0	0	0	0.0000	0.0000	0.0000	3339
Harvey, Ryan LF COL	-	Free Agent	0	0	0	0	0	0	0	0	0	0	0	0	0.0000	0.0000	0.0000	3342
Bolden, Ryan CF LAA	-	Free Agent	0	0	0	0	0	0	0	0	0	0	0	0	0.0000	0.0000	0.0000	3345
Marks, David RF BOS	-	Free Agent	0	0	0	0	0	0	0	0	0	0	0	0	0.0000	0.0000	0.0000	3349
Rojas, Mel CF PIT	-	Free Agent	0	0	0	0	0	0	0	0	0	0	0	0	0.0000	0.0000	0.0000	3354
Russell, Kyle RF LAD	-	Free Agent	0	0	0	0	0	0	0	0	0	0	0	0	0.0000	0.0000	0.0000	3366
Klimas, Matthew LF SF	-	Free Agent	0	0	0	0	0	0	0	0	0	0	0	0	0.0000	0.0000	0.0000	3369
Majewski, Dustin LF TEX	-	Free Agent	0	0	0	0	0	0	0	0	0	0	0	0	0.0000	0.0000	0.0000	3370
Gerrard, Grant RF TEX	-	Free Agent	0	0	0	0	0	0	0	0	0	0	0	0	0.0000	0.0000	0.0000	3375
Langaigne, Selwyn LF MIN	-	Free Agent	0	0	0	0	0	0	0	0	0	0	0	0	0.0000	0.0000	0.0000	3376
Blanco, Tony LF WAS	-	Free Agent	0	0	0	0	0	0	0	0	0	0	0	0	0.0000	0.0000	0.0000	3378
Sierra, Raddy CF LAA	-	Free Agent	0	0	0	0	0	0	0	0	0	0	0	0	0.0000	0.0000	0.0000	3384
Haynes, Nathan RF TEX	-	Free Agent	0	0	0	0	0	0	0	0	0	0	0	0	0.0000	0.0000	0.0000	3388
Davis, Kentrail CF MIL	-	Free Agent	0	0	0	0	0	0	0	0	0	0	0	0	0.0000	0.0000	0.0000	3394
Jones, Brandon LF MIL	-	Free Agent	0	0	0	0	0	0	0	0	0	0	0	0	0.0000	0.0000	0.0000	3395
Liriano, Rymer CF SD	-	Free Agent	0	0	0	0	0	0	0	0	0	0	0	0	0.0000	0.0000	0.0000	3408
Robertson, Daniel CF SD	-	Free Agent	0	0	0	0	0	0	0	0	0	0	0	0	0.0000	0.0000	0.0000	3411
Moore, Frank LF MIA	-	Free Agent	0	0	0	0	0	0	0	0	0	0	0	0	0.0000	0.0000	0.0000	3412
Garcia, Avisail CF DET	-	Free Agent	0	0	0	0	0	0	0	0	0	0	0	0	0.0000	0.0000	0.0000	3413
Domoromo, Luis CF SD	-	Free Agent	0	0	0	0	0	0	0	0	0	0	0	0	0.0000	0.0000	0.0000	3414
Stang, Chad CF MIL	-	Free Agent	0	0	0	0	0	0	0	0	0	0	0	0	0.0000	0.0000	0.0000	3416
Nimmo, Brandon OF NYM	-	Free Agent	0	0	0	0	0	0	0	0	0	0	0	0	0.0000	0.0000	0.0000	3423
Gillies, Tyson RF PHI	-	Free Agent	0	0	0	0	0	0	0	0	0	0	0	0	0.0000	0.0000	0.0000	3425
Moye, Alan LF KC	-	Free Agent	0	0	0	0	0	0	0	0	0	0	0	0	0.0000	0.0000	0.0000	3436
Wates, Austin CF HOU	-	Free Agent	0	0	0	0	0	0	0	0	0	0	0	0	0.0000	0.0000	0.0000	3437
Matulia, John RF TB	-	Free Agent	0	0	0	0	0	0	0	0	0	0	0	0	0.0000	0.0000	0.0000	3443
Maldonado, Brahiam OF NYM	-	Free Agent	0	0	0	0	0	0	0	0	0	0	0	0	0.0000	0.0000	0.0000	3445
Crosta, Nicholas LF SD	-	Free Agent	0	0	0	0	0	0	0	0	0	0	0	0	0.0000	0.0000	0.0000	3450
Jackson, Brett CF CHC	-	Want-a-be Ghetto All Stars	0	0	0	0	0	0	0	0	0	0	0	0	0.0000	0.0000	0.0000	3452
Borgues, Smaily RF CHC	-	Free Agent	0	0	0	0	0	0	0	0	0	0	0	0	0.0000	0.0000	0.0000	3453
Johnson, Brent CF SEA	-	Free Agent	0	0	0	0	0	0	0	0	0	0	0	0	0.0000	0.0000	0.0000	3456
Pritz, Bryan LF BOS	-	Free Agent	0	0	0	0	0	0	0	0	0	0	0	0	0.0000	0.0000	0.0000	3459
Murphy, Steven LF TEX	-	Free Agent	0	0	0	0	0	0	0	0	0	0	0	0	0.0000	0.0000	0.0000	3461
Gaetti, Joe LF MIN	-	Free Agent	0	0	0	0	0	0	0	0	0	0	0	0	0.0000	0.0000	0.0000	3462
Murrill, Christopher CF TB	-	Free Agent	0	0	0	0	0	0	0	0	0	0	0	0	0.0000	0.0000	0.0000	3464
Dellucci, Dave LF TOR	-	Free Agent	0	0	0	0	0	0	0	0	0	0	0	0	0.0000	0.0000	0.0000	3466
Thompson, Rich RF PHI	-	Free Agent	0	0	0	0	0	0	0	0	0	0	0	0	0.0000	0.0000	0.0000	3474
Sinisi, Vince LF SD	-	Free Agent	0	0	0	0	0	0	0	0	0	0	0	0	0.0000	0.0000	0.0000	3476
Winn, Randy LF BAL	-	Free Agent	0	0	0	0	0	0	0	0	0	0	0	0	0.0000	0.0000	0.0000	3478
Eure, Jeffrey LF MIL	-	Free Agent	0	0	0	0	0	0	0	0	0	0	0	0	0.0000	0.0000	0.0000	3481
Means, Andrew RF CIN	-	Free Agent	0	0	0	0	0	0	0	0	0	0	0	0	0.0000	0.0000	0.0000	3485
Burgess, Brandon LF ARI	-	Free Agent	0	0	0	0	0	0	0	0	0	0	0	0	0.0000	0.0000	0.0000	3497
Choice, Michael CF OAK	-	Free Agent	0	0	0	0	0	0	0	0	0	0	0	0	0.0000	0.0000	0.0000	3510
Romak, Jamie LF KC	-	Free Agent	0	0	0	0	0	0	0	0	0	0	0	0	0.0000	0.0000	0.0000	3513
Snelling, Chris LF PIT	-	Free Agent	0	0	0	0	0	0	0	0	0	0	0	0	0.0000	0.0000	0.0000	3518
Austin, Joseph CF HOU	-	Free Agent	0	0	0	0	0	0	0	0	0	0	0	0	0.0000	0.0000	0.0000	3519
Smith, Tim LF KC	-	Free Agent	0	0	0	0	0	0	0	0	0	0	0	0	0.0000	0.0000	0.0000	3528
Cabrera, Willie LF ATL	-	Free Agent	0	0	0	0	0	0	0	0	0	0	0	0	0.0000	0.0000	0.0000	3535
Lin, Che-Hsuan RF BOS	-	Free Agent	0	0	0	0	0	0	0	0	0	0	0	0	0.0000	0.0000	0.0000	3536
Mooney, Michael LF SF	-	Free Agent	0	0	0	0	0	0	0	0	0	0	0	0	0.0000	0.0000	0.0000	3549
Andersen, Clifford RF CHC	-	Free Agent	0	0	0	0	0	0	0	0	0	0	0	0	0.0000	0.0000	0.0000	3550
Sitzman, James LF TB	-	Free Agent	0	0	0	0	0	0	0	0	0	0	0	0	0.0000	0.0000	0.0000	3555
Locke, Drew LF HOU	-	Free Agent	0	0	0	0	0	0	0	0	0	0	0	0	0.0000	0.0000	0.0000	3557
Perry, Jason LF ATL	-	Free Agent	0	0	0	0	0	0	0	0	0	0	0	0	0.0000	0.0000	0.0000	3562
Carson, Matt RF MIN	-	Free Agent	0	0	0	0	0	0	0	0	0	0	0	0	0.0000	0.0000	0.0000	3563
Colligan, Kyle CF CHW	-	Free Agent	0	0	0	0	0	0	0	0	0	0	0	0	0.0000	0.0000	0.0000	3564
Breen, Patrick LF TB	-	Free Agent	0	0	0	0	0	0	0	0	0	0	0	0	0.0000	0.0000	0.0000	3565
Jackson, Anthony CF LAD	-	Free Agent	0	0	0	0	0	0	0	0	0	0	0	0	0.0000	0.0000	0.0000	3570
Redman, Tike CF BAL	-	Free Agent	0	0	0	0	0	0	0	0	0	0	0	0	0.0000	0.0000	0.0000	3579
Baldelli, Rocco RF TB	-	Free Agent	0	0	0	0	0	0	0	0	0	0	0	0	0.0000	0.0000	0.0000	3582
Valdes, Juan LF CLE	-	Free Agent	0	0	0	0	0	0	0	0	0	0	0	0	0.0000	0.0000	0.0000	3583
Sierra, Moises LF TOR	-	Free Agent	0	0	0	0	0	0	0	0	0	0	0	0	0.0000	0.0000	0.0000	3588
Roberts, Daron RF MIA	-	Free Agent	0	0	0	0	0	0	0	0	0	0	0	0	0.0000	0.0000	0.0000	3592
Ellison, Jason J. RF PHI	-	Free Agent	0	0	0	0	0	0	0	0	0	0	0	0	0.0000	0.0000	0.0000	3598
Cabrera, Jolbert LF NYM	-	Free Agent	0	0	0	0	0	0	0	0	0	0	0	0	0.0000	0.0000	0.0000	3603
Gerut, Jody RF SEA	-	Free Agent	0	0	0	0	0	0	0	0	0	0	0	0	0.0000	0.0000	0.0000	3604
Rye, John RF NYY	-	Free Agent	0	0	0	0	0	0	0	0	0	0	0	0	0.0000	0.0000	0.0000	3612
Ovalle, Edward LF MIN	-	Free Agent	0	0	0	0	0	0	0	0	0	0	0	0	0.0000	0.0000	0.0000	3618
Rogowski, Ryan CF LAD	-	Free Agent	0	0	0	0	0	0	0	0	0	0	0	0	0.0000	0.0000	0.0000	3622
Myers, William RF KC	-	Evil Empire	0	0	0	0	0	0	0	0	0	0	0	0	0.0000	0.0000	0.0000	3631
Salazar, Jeff RF COL	-	Free Agent	0	0	0	0	0	0	0	0	0	0	0	0	0.0000	0.0000	0.0000	3648
Rivas, Arturo LF BAL	-	Free Agent	0	0	0	0	0	0	0	0	0	0	0	0	0.0000	0.0000	0.0000	3651
Nicholson, Derek LF DET	-	Free Agent	0	0	0	0	0	0	0	0	0	0	0	0	0.0000	0.0000	0.0000	3652
Neal, Thomas LF CLE	-	Free Agent	0	0	0	0	0	0	0	0	0	0	0	0	0.0000	0.0000	0.0000	3670
Deeds, Doug RF LAA	-	Free Agent	0	0	0	0	0	0	0	0	0	0	0	0	0.0000	0.0000	0.0000	3674
Peterson, Shane CF OAK	-	Free Agent	0	0	0	0	0	0	0	0	0	0	0	0	0.0000	0.0000	0.0000	3678
Herrera, Javier A. LF OAK	-	Free Agent	0	0	0	0	0	0	0	0	0	0	0	0	0.0000	0.0000	0.0000	3680
Plasencia, Francisco LF WAS	-	Free Agent	0	0	0	0	0	0	0	0	0	0	0	0	0.0000	0.0000	0.0000	3684
Garthwaite, Jay LF ARI	-	Free Agent	0	0	0	0	0	0	0	0	0	0	0	0	0.0000	0.0000	0.0000	3686
Milligan, Adam LF ATL	-	Free Agent	0	0	0	0	0	0	0	0	0	0	0	0	0.0000	0.0000	0.0000	3687
Blasi, Nick LF OAK	-	Free Agent	0	0	0	0	0	0	0	0	0	0	0	0	0.0000	0.0000	0.0000	3694
Castellanos, Alex RF LAD	-	Free Agent	0	0	0	0	0	0	0	0	0	0	0	0	0.0000	0.0000	0.0000	3703
Adams, Russ LF NYM	-	Free Agent	0	0	0	0	0	0	0	0	0	0	0	0	0.0000	0.0000	0.0000	3705
Jones, Mitch CF PIT	-	Free Agent	0	0	0	0	0	0	0	0	0	0	0	0	0.0000	0.0000	0.0000	3709
Errecart, Chris LF MIL	-	Free Agent	0	0	0	0	0	0	0	0	0	0	0	0	0.0000	0.0000	0.0000	3710
Bumbry, Steven CF BAL	-	Free Agent	0	0	0	0	0	0	0	0	0	0	0	0	0.0000	0.0000	0.0000	3718
Harts, Jeremy LF PIT	-	Free Agent	0	0	0	0	0	0	0	0	0	0	0	0	0.0000	0.0000	0.0000	3719
Loadenthal, Carl LF NYM	-	Free Agent	0	0	0	0	0	0	0	0	0	0	0	0	0.0000	0.0000	0.0000	3720
Chambers, Evan CF PIT	-	Free Agent	0	0	0	0	0	0	0	0	0	0	0	0	0.0000	0.0000	0.0000	3721
Gomes, Joey LF SD	-	Free Agent	0	0	0	0	0	0	0	0	0	0	0	0	0.0000	0.0000	0.0000	3722
Fedroff, Timothy CF CLE	-	Free Agent	0	0	0	0	0	0	0	0	0	0	0	0	0.0000	0.0000	0.0000	3723
White, Christopher CF DET	-	Free Agent	0	0	0	0	0	0	0	0	0	0	0	0	0.0000	0.0000	0.0000	3729
Norris, Patrick CF KC	-	Free Agent	0	0	0	0	0	0	0	0	0	0	0	0	0.0000	0.0000	0.0000	3730
Patton, Cory LF TOR	-	Free Agent	0	0	0	0	0	0	0	0	0	0	0	0	0.0000	0.0000	0.0000	3731
Chapman, Stephen LF MIL	-	Free Agent	0	0	0	0	0	0	0	0	0	0	0	0	0.0000	0.0000	0.0000	3734
Ambres, Chip LF NYM	-	Free Agent	0	0	0	0	0	0	0	0	0	0	0	0	0.0000	0.0000	0.0000	3739
Kapler, Gabe RF LAD	-	Free Agent	0	0	0	0	0	0	0	0	0	0	0	0	0.0000	0.0000	0.0000	3751
Fuller, Clayton CF LAA	-	Free Agent	0	0	0	0	0	0	0	0	0	0	0	0	0.0000	0.0000	0.0000	3755
Zeringue, Jonathan LF ARI	-	Free Agent	0	0	0	0	0	0	0	0	0	0	0	0	0.0000	0.0000	0.0000	3775
McQuail, Stephen RF TOR	-	Free Agent	0	0	0	0	0	0	0	0	0	0	0	0	0.0000	0.0000	0.0000	3777
Williams, Everett CF SD	-	Free Agent	0	0	0	0	0	0	0	0	0	0	0	0	0.0000	0.0000	0.0000	3780
Ryal, Rusty LF ARI	-	Free Agent	0	0	0	0	0	0	0	0	0	0	0	0	0.0000	0.0000	0.0000	3781
Gutierrez, Tonys LF CIN	-	Free Agent	0	0	0	0	0	0	0	0	0	0	0	0	0.0000	0.0000	0.0000	3783
Diaz, Victor RF BAL	-	Free Agent	0	0	0	0	0	0	0	0	0	0	0	0	0.0000	0.0000	0.0000	3789
Perez, Fernando CF CHC	-	Free Agent	0	0	0	0	0	0	0	0	0	0	0	0	0.0000	0.0000	0.0000	3808
Gindl, Caleb RF MIL	-	Free Agent	0	0	0	0	0	0	0	0	0	0	0	0	0.0000	0.0000	0.0000	3817
Inciarte, Ender LF ARI	-	Free Agent	0	0	0	0	0	0	0	0	0	0	0	0	0.0000	0.0000	0.0000	3818
Springer, George OF HOU	-	Free Agent	0	0	0	0	0	0	0	0	0	0	0	0	0.0000	0.0000	0.0000	3819
Nieuwenhuis, Kirk CF NYM	-	Free Agent	0	0	0	0	0	0	0	0	0	0	0	0	0.0000	0.0000	0.0000	3824
Barnes, Brandon CF HOU	-	Free Agent	0	0	0	0	0	0	0	0	0	0	0	0	0.0000	0.0000	0.0000	3825
Lambo, Andrew LF PIT	-	Free Agent	0	0	0	0	0	0	0	0	0	0	0	0	0.0000	0.0000	0.0000	3836
Yan, Ruddy LF BAL	-	Free Agent	0	0	0	0	0	0	0	0	0	0	0	0	0.0000	0.0000	0.0000	3837
Rodriguez, Javier RF NYM	-	Free Agent	0	0	0	0	0	0	0	0	0	0	0	0	0.0000	0.0000	0.0000	3842
Mummey, Trent CF BAL	-	Free Agent	0	0	0	0	0	0	0	0	0	0	0	0	0.0000	0.0000	0.0000	3853
Rohlfing, Dan RF MIN	-	Free Agent	0	0	0	0	0	0	0	0	0	0	0	0	0.0000	0.0000	0.0000	3861
Castillo, Luis CF DET	-	Free Agent	0	0	0	0	0	0	0	0	0	0	0	0	0.0000	0.0000	0.0000	3864
Parker, Jarrett CF SF	-	Free Agent	0	0	0	0	0	0	0	0	0	0	0	0	0.0000	0.0000	0.0000	3871
Greene, Justin CF CHW	-	Free Agent	0	0	0	0	0	0	0	0	0	0	0	0	0.0000	0.0000	0.0000	3877
Roberts, Brandon RF COL	-	Free Agent	0	0	0	0	0	0	0	0	0	0	0	0	0.0000	0.0000	0.0000	3883
Baldwin, James CF LAD	-	Free Agent	0	0	0	0	0	0	0	0	0	0	0	0	0.0000	0.0000	0.0000	3885
Van Der Bosch, Matthew LF BOS	-	Free Agent	0	0	0	0	0	0	0	0	0	0	0	0	0.0000	0.0000	0.0000	3887
Gaston, Jon LF HOU	-	Free Agent	0	0	0	0	0	0	0	0	0	0	0	0	0.0000	0.0000	0.0000	3894
Perez, Yohannis LF MIL	-	Free Agent	0	0	0	0	0	0	0	0	0	0	0	0	0.0000	0.0000	0.0000	3900
Anderson, Garret LF LAD	-	Free Agent	0	0	0	0	0	0	0	0	0	0	0	0	0.0000	0.0000	0.0000	3906
Delucchi, Dustin LF SD	-	Free Agent	0	0	0	0	0	0	0	0	0	0	0	0	0.0000	0.0000	0.0000	3917
Fronk, Reid LF TB	-	Free Agent	0	0	0	0	0	0	0	0	0	0	0	0	0.0000	0.0000	0.0000	3920
Caufield, Charles LF MIL	-	Free Agent	0	0	0	0	0	0	0	0	0	0	0	0	0.0000	0.0000	0.0000	3923
Timm, Brandon CF DET	-	Free Agent	0	0	0	0	0	0	0	0	0	0	0	0	0.0000	0.0000	0.0000	3934
Haydel, Lee LF MIL	-	Free Agent	0	0	0	0	0	0	0	0	0	0	0	0	0.0000	0.0000	0.0000	3943
Garrett, Shawn LF NYY	-	Free Agent	0	0	0	0	0	0	0	0	0	0	0	0	0.0000	0.0000	0.0000	3945
Eaton, Adam LF ARI	-	Free Agent	0	0	0	0	0	0	0	0	0	0	0	0	0.0000	0.0000	0.0000	3947
Sales, Darrell LF LAA	-	Free Agent	0	0	0	0	0	0	0	0	0	0	0	0	0.0000	0.0000	0.0000	3959
Weber, Jon RF NYY	-	Free Agent	0	0	0	0	0	0	0	0	0	0	0	0	0.0000	0.0000	0.0000	3960
Negron, Miguel LF CHW	-	Free Agent	0	0	0	0	0	0	0	0	0	0	0	0	0.0000	0.0000	0.0000	3967
Majewski, Val LF OAK	-	Free Agent	0	0	0	0	0	0	0	0	0	0	0	0	0.0000	0.0000	0.0000	3968
Songco, Angelo LF LAD	-	Free Agent	0	0	0	0	0	0	0	0	0	0	0	0	0.0000	0.0000	0.0000	3970
Carter, Yusuf LF OAK	-	Free Agent	0	0	0	0	0	0	0	0	0	0	0	0	0.0000	0.0000	0.0000	3972
Rodriguez, John LF NYY	-	Free Agent	0	0	0	0	0	0	0	0	0	0	0	0	0.0000	0.0000	0.0000	3973
Welty, Ronnie RF BAL	-	Free Agent	0	0	0	0	0	0	0	0	0	0	0	0	0.0000	0.0000	0.0000	3983
Perez, Eury CF WAS	-	Free Agent	0	0	0	0	0	0	0	0	0	0	0	0	0.0000	0.0000	0.0000	3984
Olabisi, Wande RF SD	-	Free Agent	0	0	0	0	0	0	0	0	0	0	0	0	0.0000	0.0000	0.0000	3985
Williams, Marland LF ARI	-	Free Agent	0	0	0	0	0	0	0	0	0	0	0	0	0.0000	0.0000	0.0000	3986
Spencer, Matthew LF CHC	-	Free Agent	0	0	0	0	0	0	0	0	0	0	0	0	0.0000	0.0000	0.0000	3990
Mendez, Quesada LF CHC	-	Free Agent	0	0	0	0	0	0	0	0	0	0	0	0	0.0000	0.0000	0.0000	4001
Mitchell, Jared CF CHW	-	Free Agent	0	0	0	0	0	0	0	0	0	0	0	0	0.0000	0.0000	0.0000	4012
Hood, Destin LF WAS	-	Free Agent	0	0	0	0	0	0	0	0	0	0	0	0	0.0000	0.0000	0.0000	4017
Solarte, Yangervis LF MIN	-	Free Agent	0	0	0	0	0	0	0	0	0	0	0	0	0.0000	0.0000	0.0000	4020
Parker, Kyle RF COL	-	Free Agent	0	0	0	0	0	0	0	0	0	0	0	0	0.0000	0.0000	0.0000	4023
Smith, Stantrel LF LAA	-	Free Agent	0	0	0	0	0	0	0	0	0	0	0	0	0.0000	0.0000	0.0000	4027
Rosario, Eddie OF MIN	-	Free Agent	0	0	0	0	0	0	0	0	0	0	0	0	0.0000	0.0000	0.0000	4030
Floyd, Michael LF PHI	-	Free Agent	0	0	0	0	0	0	0	0	0	0	0	0	0.0000	0.0000	0.0000	4032
Cleary, Delta CF COL	-	Free Agent	0	0	0	0	0	0	0	0	0	0	0	0	0.0000	0.0000	0.0000	4042
Delaney, Jason LF PIT	-	Free Agent	0	0	0	0	0	0	0	0	0	0	0	0	0.0000	0.0000	0.0000	4046
Kelly, Christopher LF CHW	-	Free Agent	0	0	0	0	0	0	0	0	0	0	0	0	0.0000	0.0000	0.0000	4052
Salem, Emeel RF TB	-	Free Agent	0	0	0	0	0	0	0	0	0	0	0	0	0.0000	0.0000	0.0000	4056
Timpner, Clay CF DET	-	Free Agent	0	0	0	0	0	0	0	0	0	0	0	0	0.0000	0.0000	0.0000	4057
Terrero, Luis LF CIN	-	Free Agent	0	0	0	0	0	0	0	0	0	0	0	0	0.0000	0.0000	0.0000	4060
Roberson, Chris LF ARI	-	Free Agent	0	0	0	0	0	0	0	0	0	0	0	0	0.0000	0.0000	0.0000	4061
Guzman, Freddy LF PHI	-	Free Agent	0	0	0	0	0	0	0	0	0	0	0	0	0.0000	0.0000	0.0000	4063
Iorg, Eli LF HOU	-	Free Agent	0	0	0	0	0	0	0	0	0	0	0	0	0.0000	0.0000	0.0000	4065
Raines, Tim LF KC	-	Free Agent	0	0	0	0	0	0	0	0	0	0	0	0	0.0000	0.0000	0.0000	4071
Krause, Brent LF MIL	-	Free Agent	0	0	0	0	0	0	0	0	0	0	0	0	0.0000	0.0000	0.0000	4082
Doetsch, Steve LF ATL	-	Free Agent	0	0	0	0	0	0	0	0	0	0	0	0	0.0000	0.0000	0.0000	4087
Perez, Nelson LF CHC	-	Free Agent	0	0	0	0	0	0	0	0	0	0	0	0	0.0000	0.0000	0.0000	4089
Sabino, Luis LF DET	-	Free Agent	0	0	0	0	0	0	0	0	0	0	0	0	0.0000	0.0000	0.0000	4096
Podsednik, Scott LF PHI 	-	Free Agent	0	0	0	0	0	0	0	0	0	0	0	0	0.0000	0.0000	0.0000	4103
Herren, Karl LF TEX	-	Free Agent	0	0	0	0	0	0	0	0	0	0	0	0	0.0000	0.0000	0.0000	4106
Parker, Tyler LF STL	-	Free Agent	0	0	0	0	0	0	0	0	0	0	0	0	0.0000	0.0000	0.0000	4108
Martinez-Esteve, Eddy LF SF	-	Free Agent	0	0	0	0	0	0	0	0	0	0	0	0	0.0000	0.0000	0.0000	4113
Turner, Christopher LF BOS	-	Free Agent	0	0	0	0	0	0	0	0	0	0	0	0	0.0000	0.0000	0.0000	4114
Van Every, Jonathan LF WAS	-	Free Agent	0	0	0	0	0	0	0	0	0	0	0	0	0.0000	0.0000	0.0000	4118
Morrison, Ty LF TB	-	Free Agent	0	0	0	0	0	0	0	0	0	0	0	0	0.0000	0.0000	0.0000	4120
Knott, Jon LF MIL	-	Free Agent	0	0	0	0	0	0	0	0	0	0	0	0	0.0000	0.0000	0.0000	4122
Nommensen, Brett RF TB	-	Free Agent	0	0	0	0	0	0	0	0	0	0	0	0	0.0000	0.0000	0.0000	4124
Kulbacki, Kellen LF SD	-	Free Agent	0	0	0	0	0	0	0	0	0	0	0	0	0.0000	0.0000	0.0000	4126
McClune, Austin LF PIT	-	Free Agent	0	0	0	0	0	0	0	0	0	0	0	0	0.0000	0.0000	0.0000	4129
Grote, Taylor CF NYY	-	Free Agent	0	0	0	0	0	0	0	0	0	0	0	0	0.0000	0.0000	0.0000	4134
Newhan, David RF SD	-	Free Agent	0	0	0	0	0	0	0	0	0	0	0	0	0.0000	0.0000	0.0000	4136
Colton, Chris LF SEA	-	Free Agent	0	0	0	0	0	0	0	0	0	0	0	0	0.0000	0.0000	0.0000	4149
Duarte, Jose CF MIA	-	Free Agent	0	0	0	0	0	0	0	0	0	0	0	0	0.0000	0.0000	0.0000	4150
Francis, Nicholas LF KC	-	Free Agent	0	0	0	0	0	0	0	0	0	0	0	0	0.0000	0.0000	0.0000	4153
Avery, Xavier CF BAL	-	Free Agent	0	0	0	0	0	0	0	0	0	0	0	0	0.0000	0.0000	0.0000	4154
Lo, Kuo Hui LF SEA	-	Free Agent	0	0	0	0	0	0	0	0	0	0	0	0	0.0000	0.0000	0.0000	4155
Fortenberry, Jeffrey LF NYY	-	Free Agent	0	0	0	0	0	0	0	0	0	0	0	0	0.0000	0.0000	0.0000	4158
Anderson, Josh CF ATL	-	Free Agent	0	0	0	0	0	0	0	0	0	0	0	0	0.0000	0.0000	0.0000	4159
Fermaint, Charlie LF MIL	-	Free Agent	0	0	0	0	0	0	0	0	0	0	0	0	0.0000	0.0000	0.0000	4165
Edwards, Mike LF PIT	-	Free Agent	0	0	0	0	0	0	0	0	0	0	0	0	0.0000	0.0000	0.0000	4173
Bryles, Brian LF TB	-	Free Agent	0	0	0	0	0	0	0	0	0	0	0	0	0.0000	0.0000	0.0000	4175
Martin, Brian LF STL	-	Free Agent	0	0	0	0	0	0	0	0	0	0	0	0	0.0000	0.0000	0.0000	4176
McBride, Matt LF CLE	-	Free Agent	0	0	0	0	0	0	0	0	0	0	0	0	0.0000	0.0000	0.0000	4180
Mathews, Aaron CF TOR	-	Free Agent	0	0	0	0	0	0	0	0	0	0	0	0	0.0000	0.0000	0.0000	4181
Linares, Juan Carlos OF BOS	-	Free Agent	0	0	0	0	0	0	0	0	0	0	0	0	0.0000	0.0000	0.0000	4184
Cook, David LF CIN	-	Free Agent	0	0	0	0	0	0	0	0	0	0	0	0	0.0000	0.0000	0.0000	4185
Hernandez, Gorkys CF PIT	-	Free Agent	0	0	0	0	0	0	0	0	0	0	0	0	0.0000	0.0000	0.0000	4186
Stavisky, Brian LF PHI	-	Free Agent	0	0	0	0	0	0	0	0	0	0	0	0	0.0000	0.0000	0.0000	4192
Tate, Donavan CF SD	-	Disco Bush Horticulturists	0	0	0	0	0	0	0	0	0	0	0	0	0.0000	0.0000	0.0000	4199
Shorey, Mark RF STL	-	Free Agent	0	0	0	0	0	0	0	0	0	0	0	0	0.0000	0.0000	0.0000	4209
Sumoza, Luis RF ATL	-	Free Agent	0	0	0	0	0	0	0	0	0	0	0	0	0.0000	0.0000	0.0000	4212
Keylor, Cory LF BAL	-	Free Agent	0	0	0	0	0	0	0	0	0	0	0	0	0.0000	0.0000	0.0000	4213
Hall, Victor LF NYM	-	Free Agent	0	0	0	0	0	0	0	0	0	0	0	0	0.0000	0.0000	0.0000	4214
Godwin, Adam LF LAD	-	Free Agent	0	0	0	0	0	0	0	0	0	0	0	0	0.0000	0.0000	0.0000	4216
Harrison, Ben LF TEX	-	Free Agent	0	0	0	0	0	0	0	0	0	0	0	0	0.0000	0.0000	0.0000	4221
Henley, Tyler CF STL	-	Free Agent	0	0	0	0	0	0	0	0	0	0	0	0	0.0000	0.0000	0.0000	4224
Malek, Bobby LF NYM	-	Free Agent	0	0	0	0	0	0	0	0	0	0	0	0	0.0000	0.0000	0.0000	4226
Slayden, Jeremy CF PHI	-	Free Agent	0	0	0	0	0	0	0	0	0	0	0	0	0.0000	0.0000	0.0000	4229
Esquivel, Matt LF ATL	-	Free Agent	0	0	0	0	0	0	0	0	0	0	0	0	0.0000	0.0000	0.0000	4236
Acosta, Christian LF CHW	-	Free Agent	0	0	0	0	0	0	0	0	0	0	0	0	0.0000	0.0000	0.0000	4239
Hicks, Aaron CF MIN	-	User Abuser	0	0	0	0	0	0	0	0	0	0	0	0	0.0000	0.0000	0.0000	4242
Scram, Deik LF DET	-	Free Agent	0	0	0	0	0	0	0	0	0	0	0	0	0.0000	0.0000	0.0000	4246
Sierra, Luis LF CHW	-	Free Agent	0	0	0	0	0	0	0	0	0	0	0	0	0.0000	0.0000	0.0000	4247
Gregg, David LF CHC	-	Free Agent	0	0	0	0	0	0	0	0	0	0	0	0	0.0000	0.0000	0.0000	4248
Linton, Ollie CF ARI	-	Free Agent	0	0	0	0	0	0	0	0	0	0	0	0	0.0000	0.0000	0.0000	4260
Fox, Christopher RF LAA	-	Free Agent	0	0	0	0	0	0	0	0	0	0	0	0	0.0000	0.0000	0.0000	4263
Burrus, Josh LF DET	-	Free Agent	0	0	0	0	0	0	0	0	0	0	0	0	0.0000	0.0000	0.0000	4265
Weston, Aron LF CHC	-	Free Agent	0	0	0	0	0	0	0	0	0	0	0	0	0.0000	0.0000	0.0000	4267
Tucker, Jonathan RF BAL	-	Free Agent	0	0	0	0	0	0	0	0	0	0	0	0	0.0000	0.0000	0.0000	4268
Winfree, David CF ARI	-	Free Agent	0	0	0	0	0	0	0	0	0	0	0	0	0.0000	0.0000	0.0000	4269
Daniel, Michael LF COL	-	Free Agent	0	0	0	0	0	0	0	0	0	0	0	0	0.0000	0.0000	0.0000	4271
Florence, Branden LF PHI	-	Free Agent	0	0	0	0	0	0	0	0	0	0	0	0	0.0000	0.0000	0.0000	4273
Renz, Jordan LF LAA	-	Free Agent	0	0	0	0	0	0	0	0	0	0	0	0	0.0000	0.0000	0.0000	4278
Gibson, Chris LF STL	-	Free Agent	0	0	0	0	0	0	0	0	0	0	0	0	0.0000	0.0000	0.0000	4284
Baez, Edgardo LF WAS	-	Free Agent	0	0	0	0	0	0	0	0	0	0	0	0	0.0000	0.0000	0.0000	4293
Curtis, Colin RF NYY 	-	Free Agent	0	0	0	0	0	0	0	0	0	0	0	0	0.0000	0.0000	0.0000	4299
Mulhern, Ryan LF PIT	-	Free Agent	0	0	0	0	0	0	0	0	0	0	0	0	0.0000	0.0000	0.0000	4301
LeVier, Mitchell CF OAK	-	Free Agent	0	0	0	0	0	0	0	0	0	0	0	0	0.0000	0.0000	0.0000	4310
Barksdale, James LF PIT	-	Free Agent	0	0	0	0	0	0	0	0	0	0	0	0	0.0000	0.0000	0.0000	4315
Johnson, Todd LF OAK	-	Free Agent	0	0	0	0	0	0	0	0	0	0	0	0	0.0000	0.0000	0.0000	4316
Otness, John LF BOS	-	Free Agent	0	0	0	0	0	0	0	0	0	0	0	0	0.0000	0.0000	0.0000	4317
Perry, Robert LF SD	-	Free Agent	0	0	0	0	0	0	0	0	0	0	0	0	0.0000	0.0000	0.0000	4319
Silverio, Alfredo OF LAD	-	Free Agent	0	0	0	0	0	0	0	0	0	0	0	0	0.0000	0.0000	0.0000	4330
Cunningham, Todd CF ATL	-	Free Agent	0	0	0	0	0	0	0	0	0	0	0	0	0.0000	0.0000	0.0000	4333
Harris, Gary LF SEA	-	Free Agent	0	0	0	0	0	0	0	0	0	0	0	0	0.0000	0.0000	0.0000	4334
Witherspoon, Travis CF LAA	-	Free Agent	0	0	0	0	0	0	0	0	0	0	0	0	0.0000	0.0000	0.0000	4338
Lagares, Juan LF NYM	-	Free Agent	0	0	0	0	0	0	0	0	0	0	0	0	0.0000	0.0000	0.0000	4339
Rowland, Jeff OF DET	-	Free Agent	0	0	0	0	0	0	0	0	0	0	0	0	0.0000	0.0000	0.0000	4342
Buttler, Vic LF PIT	-	Free Agent	0	0	0	0	0	0	0	0	0	0	0	0	0.0000	0.0000	0.0000	4352
Fellhauer, Josh CF CIN	-	Free Agent	0	0	0	0	0	0	0	0	0	0	0	0	0.0000	0.0000	0.0000	4354
Jones, Daryl CF CIN	-	Free Agent	0	0	0	0	0	0	0	0	0	0	0	0	0.0000	0.0000	0.0000	4356
Kroeger, Josh LF MIA	-	Free Agent	0	0	0	0	0	0	0	0	0	0	0	0	0.0000	0.0000	0.0000	4357
Baker, Steve LF SD	-	Free Agent	0	0	0	0	0	0	0	0	0	0	0	0	0.0000	0.0000	0.0000	4358
Crouse, Michael CF TOR	-	Free Agent	0	0	0	0	0	0	0	0	0	0	0	0	0.0000	0.0000	0.0000	4360
Spidale, Mike LF PHI	-	Free Agent	0	0	0	0	0	0	0	0	0	0	0	0	0.0000	0.0000	0.0000	4362
Heid, Andrew LF LAA	-	Free Agent	0	0	0	0	0	0	0	0	0	0	0	0	0.0000	0.0000	0.0000	4376
Wilkerson, Shannon RF BOS	-	Free Agent	0	0	0	0	0	0	0	0	0	0	0	0	0.0000	0.0000	0.0000	4382
Julius, Jacob LF BAL	-	Free Agent	0	0	0	0	0	0	0	0	0	0	0	0	0.0000	0.0000	0.0000	4384
Matthews, Gary CF CIN	-	Free Agent	0	0	0	0	0	0	0	0	0	0	0	0	0.0000	0.0000	0.0000	4387
Alvarez, Nicholas LF LAD	-	Free Agent	0	0	0	0	0	0	0	0	0	0	0	0	0.0000	0.0000	0.0000	4390
Scobee, Shawn LF TOR	-	Free Agent	0	0	0	0	0	0	0	0	0	0	0	0	0.0000	0.0000	0.0000	4391
Rico, Matt LF TB	-	Free Agent	0	0	0	0	0	0	0	0	0	0	0	0	0.0000	0.0000	0.0000	4395
Liddle, Steven RF MIN	-	Free Agent	0	0	0	0	0	0	0	0	0	0	0	0	0.0000	0.0000	0.0000	4396
Pond, Simon RF PIT	-	Free Agent	0	0	0	0	0	0	0	0	0	0	0	0	0.0000	0.0000	0.0000	4402
Fuentes, Reymond CF SD	-	Free Agent	0	0	0	0	0	0	0	0	0	0	0	0	0.0000	0.0000	0.0000	4409
Butler, Jacob LF TOR	-	Free Agent	0	0	0	0	0	0	0	0	0	0	0	0	0.0000	0.0000	0.0000	4410
Culpepper, Jeffrey LF CHC	-	Free Agent	0	0	0	0	0	0	0	0	0	0	0	0	0.0000	0.0000	0.0000	4421
Borchard, Joe RF SF	-	Free Agent	0	0	0	0	0	0	0	0	0	0	0	0	0.0000	0.0000	0.0000	4425
Huffman, Chad LF CLE	-	Free Agent	0	0	0	0	0	0	0	0	0	0	0	0	0.0000	0.0000	0.0000	4429
Keen, Reggie CF MIL	-	Free Agent	0	0	0	0	0	0	0	0	0	0	0	0	0.0000	0.0000	0.0000	4432
Decker, Jaff LF SD	-	Free Agent	0	0	0	0	0	0	0	0	0	0	0	0	0.0000	0.0000	0.0000	4437
Sams, Kalian CF SEA	-	Free Agent	0	0	0	0	0	0	0	0	0	0	0	0	0.0000	0.0000	0.0000	4440
Hall, Noah LF BAL	-	Free Agent	0	0	0	0	0	0	0	0	0	0	0	0	0.0000	0.0000	0.0000	4448
Ratliff, Sean RF NYM	-	Free Agent	0	0	0	0	0	0	0	0	0	0	0	0	0.0000	0.0000	0.0000	4449
Mitchell, Jermaine CF OAK	-	Free Agent	0	0	0	0	0	0	0	0	0	0	0	0	0.0000	0.0000	0.0000	4451
Brown, Andy LF OAK	-	Free Agent	0	0	0	0	0	0	0	0	0	0	0	0	0.0000	0.0000	0.0000	4452
Tomlin, James LF TEX	-	Free Agent	0	0	0	0	0	0	0	0	0	0	0	0	0.0000	0.0000	0.0000	4453
Dye, Jermaine RF CHW	-	Free Agent	0	0	0	0	0	0	0	0	0	0	0	0	0.0000	0.0000	0.0000	4460
Coles, Corey LF CHC	-	Free Agent	0	0	0	0	0	0	0	0	0	0	0	0	0.0000	0.0000	0.0000	4471
Berry, Quintin CF SD	-	Free Agent	0	0	0	0	0	0	0	0	0	0	0	0	0.0000	0.0000	0.0000	4473
Johnson, Tyler L. LF LAA	-	Free Agent	0	0	0	0	0	0	0	0	0	0	0	0	0.0000	0.0000	0.0000	4480
Tuiasosopo, Matt LF SEA	-	Free Agent	0	0	0	0	0	0	0	0	0	0	0	0	0.0000	0.0000	0.0000	4484
Costa, Shane RF KC	-	Free Agent	0	0	0	0	0	0	0	0	0	0	0	0	0.0000	0.0000	0.0000	4486
Delome, Collin LF HOU	-	Free Agent	0	0	0	0	0	0	0	0	0	0	0	0	0.0000	0.0000	0.0000	4493
Gartrell, Stefan RF CHW	-	Free Agent	0	0	0	0	0	0	0	0	0	0	0	0	0.0000	0.0000	0.0000	4494
Fields, Daniel CF DET	-	Free Agent	0	0	0	0	0	0	0	0	0	0	0	0	0.0000	0.0000	0.0000	4506
Watson, Matt LF OAK	-	Free Agent	0	0	0	0	0	0	0	0	0	0	0	0	0.0000	0.0000	0.0000	4521
Sellier, Brian LF BOS	-	Free Agent	0	0	0	0	0	0	0	0	0	0	0	0	0.0000	0.0000	0.0000	4525
Parejo, Freddy LF MIL	-	Free Agent	0	0	0	0	0	0	0	0	0	0	0	0	0.0000	0.0000	0.0000	4526
Holmes, William LF BOS	-	Free Agent	0	0	0	0	0	0	0	0	0	0	0	0	0.0000	0.0000	0.0000	4528
Perales, Danny OF TOR	-	Free Agent	0	0	0	0	0	0	0	0	0	0	0	0	0.0000	0.0000	0.0000	4538
Lubanski, Chris RF MIA	-	Free Agent	0	0	0	0	0	0	0	0	0	0	0	0	0.0000	0.0000	0.0000	4540
Sanchez, Jonathan LF NYM	-	Free Agent	0	0	0	0	0	0	0	0	0	0	0	0	0.0000	0.0000	0.0000	4541
Guzman, Carlos D. RF NYM	-	Free Agent	0	0	0	0	0	0	0	0	0	0	0	0	0.0000	0.0000	0.0000	4542
Marisnick, Jacob CF TOR	-	Free Agent	0	0	0	0	0	0	0	0	0	0	0	0	0.0000	0.0000	0.0000	4544
Strait, Cody LF CIN	-	Free Agent	0	0	0	0	0	0	0	0	0	0	0	0	0.0000	0.0000	0.0000	4545
Richardson, D' CF MIL	-	Free Agent	0	0	0	0	0	0	0	0	0	0	0	0	0.0000	0.0000	0.0000	4547
Campbell, Michael LF SD	-	Free Agent	0	0	0	0	0	0	0	0	0	0	0	0	0.0000	0.0000	0.0000	4548
Hankerd, Kevin LF ARI	-	Free Agent	0	0	0	0	0	0	0	0	0	0	0	0	0.0000	0.0000	0.0000	4556
Davis, Leonard LF COL	-	Free Agent	0	0	0	0	0	0	0	0	0	0	0	0	0.0000	0.0000	0.0000	4557
Gorecki, Reid LF NYY	-	Free Agent	0	0	0	0	0	0	0	0	0	0	0	0	0.0000	0.0000	0.0000	4558
Stokes, Mykal CF SD	-	Free Agent	0	0	0	0	0	0	0	0	0	0	0	0	0.0000	0.0000	0.0000	4560
Van Stratten, Nick RF KC	-	Free Agent	0	0	0	0	0	0	0	0	0	0	0	0	0.0000	0.0000	0.0000	4563
Castillo, Angel RF LAA	-	Free Agent	0	0	0	0	0	0	0	0	0	0	0	0	0.0000	0.0000	0.0000	4568
Dickey, Gavin LF ATL	-	Free Agent	0	0	0	0	0	0	0	0	0	0	0	0	0.0000	0.0000	0.0000	4569
Durbin, Chris LF BOS	-	Free Agent	0	0	0	0	0	0	0	0	0	0	0	0	0.0000	0.0000	0.0000	4573
O'Keefe, Michael LF BOS	-	Free Agent	0	0	0	0	0	0	0	0	0	0	0	0	0.0000	0.0000	0.0000	4582
Carvajal, Yefri LF SD	-	Free Agent	0	0	0	0	0	0	0	0	0	0	0	0	0.0000	0.0000	0.0000	4584
Abreu, Abner LF CHC	-	Free Agent	0	0	0	0	0	0	0	0	0	0	0	0	0.0000	0.0000	0.0000	4586
Hall, Mickey RF CLE	-	Free Agent	0	0	0	0	0	0	0	0	0	0	0	0	0.0000	0.0000	0.0000	4590
Phipps, Denis RF CIN	-	Free Agent	0	0	0	0	0	0	0	0	0	0	0	0	0.0000	0.0000	0.0000	4610
Kiermaier, Kevin RF TB	-	Free Agent	0	0	0	0	0	0	0	0	0	0	0	0	0.0000	0.0000	0.0000	4612
Beltre, Engel CF TEX	-	Free Agent	0	0	0	0	0	0	0	0	0	0	0	0	0.0000	0.0000	0.0000	4618
Garvey, Robert CF MIL	-	Free Agent	0	0	0	0	0	0	0	0	0	0	0	0	0.0000	0.0000	0.0000	4620
Copeland, Ben LF SF	-	Free Agent	0	0	0	0	0	0	0	0	0	0	0	0	0.0000	0.0000	0.0000	4624
Freeman, Wesley RF PIT	-	Free Agent	0	0	0	0	0	0	0	0	0	0	0	0	0.0000	0.0000	0.0000	4633
Mackowiak, Rob LF CLE	-	Free Agent	0	0	0	0	0	0	0	0	0	0	0	0	0.0000	0.0000	0.0000	4636
Chavez, Johermyn LF SEA	-	Free Agent	0	0	0	0	0	0	0	0	0	0	0	0	0.0000	0.0000	0.0000	4639
Mattison, Kevin CF MIA	-	Free Agent	0	0	0	0	0	0	0	0	0	0	0	0	0.0000	0.0000	0.0000	4641
Jansen, Ardley LF ATL	-	Free Agent	0	0	0	0	0	0	0	0	0	0	0	0	0.0000	0.0000	0.0000	4649
Katin, Brendan LF MIL	-	Free Agent	0	0	0	0	0	0	0	0	0	0	0	0	0.0000	0.0000	0.0000	4651
Lane, Richard LF WAS	-	Free Agent	0	0	0	0	0	0	0	0	0	0	0	0	0.0000	0.0000	0.0000	4652
Jurich, Mark LF ATL	-	Free Agent	0	0	0	0	0	0	0	0	0	0	0	0	0.0000	0.0000	0.0000	4662
Carroll, Daniel CF SEA	-	Free Agent	0	0	0	0	0	0	0	0	0	0	0	0	0.0000	0.0000	0.0000	4664
Mahtook, Michael OF TB	-	Free Agent	0	0	0	0	0	0	0	0	0	0	0	0	0.0000	0.0000	0.0000	4671
Duffy, Chris LF PHI	-	Free Agent	0	0	0	0	0	0	0	0	0	0	0	0	0.0000	0.0000	0.0000	4677
Sulentic, Matthew RF OAK	-	Free Agent	0	0	0	0	0	0	0	0	0	0	0	0	0.0000	0.0000	0.0000	4679
Guez, Ben CF DET	-	Free Agent	0	0	0	0	0	0	0	0	0	0	0	0	0.0000	0.0000	0.0000	4684
Edmonds, Jim CF STL	-	Free Agent	0	0	0	0	0	0	0	0	0	0	0	0	0.0000	0.0000	0.0000	4688
Rohm, David RF ATL	-	Free Agent	0	0	0	0	0	0	0	0	0	0	0	0	0.0000	0.0000	0.0000	4691
Whiting, Boomer CF WAS	-	Free Agent	0	0	0	0	0	0	0	0	0	0	0	0	0.0000	0.0000	0.0000	4692
Mejia, Ernesto LF ATL	-	Free Agent	0	0	0	0	0	0	0	0	0	0	0	0	0.0000	0.0000	0.0000	4693
Loyola, Maiko RF PIT	-	Free Agent	0	0	0	0	0	0	0	0	0	0	0	0	0.0000	0.0000	0.0000	4695
Danielson, Sean LF CIN	-	Free Agent	0	0	0	0	0	0	0	0	0	0	0	0	0.0000	0.0000	0.0000	4705
Chavez, Ender LF WAS	-	Free Agent	0	0	0	0	0	0	0	0	0	0	0	0	0.0000	0.0000	0.0000	4707
White, Cole OF PIT	-	Free Agent	0	0	0	0	0	0	0	0	0	0	0	0	0.0000	0.0000	0.0000	4715
Camilo, Juan LF ARI	-	Free Agent	0	0	0	0	0	0	0	0	0	0	0	0	0.0000	0.0000	0.0000	4720
Mendez, Maximo RF SEA	-	Free Agent	0	0	0	0	0	0	0	0	0	0	0	0	0.0000	0.0000	0.0000	4725
Goelz, Bryan LF BOS	-	Free Agent	0	0	0	0	0	0	0	0	0	0	0	0	0.0000	0.0000	0.0000	4728
Andrus, Erold LF TEX	-	Free Agent	0	0	0	0	0	0	0	0	0	0	0	0	0.0000	0.0000	0.0000	4734
Arcia, Oswaldo OF MIN	-	Free Agent	0	0	0	0	0	0	0	0	0	0	0	0	0.0000	0.0000	0.0000	4738
Singleton, Justin LF TOR	-	Free Agent	0	0	0	0	0	0	0	0	0	0	0	0	0.0000	0.0000	0.0000	4743
Barton, Brian CF CIN	-	Free Agent	0	0	0	0	0	0	0	0	0	0	0	0	0.0000	0.0000	0.0000	4756
Padilla, Jorge RF MIA	-	Free Agent	0	0	0	0	0	0	0	0	0	0	0	0	0.0000	0.0000	0.0000	4759
Patterson, Ryan LF DET	-	Free Agent	0	0	0	0	0	0	0	0	0	0	0	0	0.0000	0.0000	0.0000	4768
Nanita, Ricardo LF TOR	-	Free Agent	0	0	0	0	0	0	0	0	0	0	0	0	0.0000	0.0000	0.0000	4769
Almonte, Denny CF SEA	-	Free Agent	0	0	0	0	0	0	0	0	0	0	0	0	0.0000	0.0000	0.0000	4770
Strausborger, Ryan RF TEX	-	Free Agent	0	0	0	0	0	0	0	0	0	0	0	0	0.0000	0.0000	0.0000	4776
Knox, Ryan LF TB	-	Free Agent	0	0	0	0	0	0	0	0	0	0	0	0	0.0000	0.0000	0.0000	4778
Martinez, Jose LF CHW	-	Free Agent	0	0	0	0	0	0	0	0	0	0	0	0	0.0000	0.0000	0.0000	4785
